<?xml version="1.0" encoding="UTF-8"?><CodeSystem xmlns="http://hl7.org/fhir"><id value="bh-funding-type-codes"/><text><status value="generated"/><div xmlns="http://www.w3.org/1999/xhtml"><p class="res-header-id"><b>Generated Narrative: CodeSystem bh-funding-type-codes</b></p><a name="bh-funding-type-codes"> </a><a name="hcbh-funding-type-codes"> </a><a name="bh-funding-type-codes-en-US"> </a><p>This  code system <code>http://hl7.org/fhir/us/bhp/CodeSystem/bh-funding-type-codes</code> defines the following codes:</p><table class="codes"><tr><td style="white-space:nowrap"><b>Code</b></td><td><b>Display</b></td><td><b>Definition</b></td></tr><tr><td style="white-space:nowrap">discretionary<a name="bh-funding-type-codes-discretionary"> </a></td><td>Discretionary Funding</td><td>Discretionary Funding</td></tr><tr><td style="white-space:nowrap">grant-funding-type<a name="bh-funding-type-codes-grant-funding-type"> </a></td><td>Grant Funding Type</td><td>Grant Funding Type</td></tr><tr><td style="white-space:nowrap">funding-program-info<a name="bh-funding-type-codes-funding-program-info"> </a></td><td>Program Funding Information</td><td>Program Funding Information</td></tr></table></div></text><url value="http://hl7.org/fhir/us/bhp/CodeSystem/bh-funding-type-codes"/><version value="1.0.1"/><name value="BehavioralHealthProgramFundingTypeCodes"/><title value="Behavioral Health Program Funding Type Codes"/><status value="draft"/><date value="2025-05-18T07:55:32+05:45"/><publisher value="https://rcp.com.np"/><contact><name value="https://rcp.com.np"/><telecom><system value="url"/><value value="https://rcp.com.np"/></telecom><telecom><system value="email"/><value value="rmchndrapdl@gmail.com"/></telecom></contact><contact><name value="RC Poudel"/><telecom><system value="email"/><value value="rmchndrapdl@gmail.com"/><use value="work"/></telecom></contact><jurisdiction><coding><system value="urn:iso:std:iso:3166"/><code value="NP"/><display value="Nepal"/></coding></jurisdiction><copyright value="Used by permission of HL7 International, all rights reserved Creative Commons License"/><content value="complete"/><concept><code value="discretionary"/><display value="Discretionary Funding"/><definition value="Discretionary Funding"/></concept><concept><code value="grant-funding-type"/><display value="Grant Funding Type"/><definition value="Grant Funding Type"/></concept><concept><code value="funding-program-info"/><display value="Program Funding Information"/><definition value="Program Funding Information"/></concept></CodeSystem>