<?xml version="1.0" encoding="UTF-8"?><ImplementationGuide xmlns="http://hl7.org/fhir"><id value="mentalhealth.fhir.ig"/><text><status value="generated"/><div xmlns="http://www.w3.org/1999/xhtml"><p class="res-header-id"><b>Generated Narrative: ImplementationGuide mentalhealth.fhir.ig</b></p><a name="mentalhealth.fhir.ig"> </a><a name="hcmentalhealth.fhir.ig"> </a><a name="mentalhealth.fhir.ig-en-US"> </a><h2>FHIRMentalHealthIG</h2><p>The official URL for this implementation guide is: </p><pre>https://fhir.health.np/mentalhealth/ImplementationGuide/mentalhealth.fhir.ig</pre><div><p>The Mental Health FHIR Implementation Guide defines core profiles, workflows, and terminology needed to support interoperable digital mental health services in Nepal. It aligns with the Tracker, and national health priorities to strengthen early detection, clinical management, referral, and monitoring of mental health conditions.
The requirements for this guide are informed by global FHIR best practices, Digital Public Goods (DPGs) principles, and interoperability frameworks such as WHO SMART Guidelines and OpenHIE architecture. The profiles and terminology defined here will serve as a foundation for future FHIR-based digital health initiatives in Nepal.
Originally developed as part of the FHIR standardization efforts, this guide evolves with stakeholder input and aligns with national health information exchange (HIE) policies. Future versions will expand to support additional use cases, analytics, and real-time data sharing capabilities for Nepal’s health sector.</p>
</div></div></text><url value="https://fhir.health.np/mentalhealth/ImplementationGuide/mentalhealth.fhir.ig"/><version value="1.0.1"/><name value="FHIRMentalHealthIG"/><title value="Mental Health FHIR Implementation Guide"/><status value="active"/><date value="2025-05-18T07:55:32+05:45"/><publisher value="https://rcp.com.np"/><contact><name value="https://rcp.com.np"/><telecom><system value="url"/><value value="https://rcp.com.np"/></telecom><telecom><system value="email"/><value value="rmchndrapdl@gmail.com"/></telecom></contact><contact><name value="RC Poudel"/><telecom><system value="email"/><value value="rmchndrapdl@gmail.com"/><use value="work"/></telecom></contact><description value="The Mental Health FHIR Implementation Guide defines core profiles, workflows, and terminology needed to support interoperable digital mental health services in Nepal. It aligns with the Tracker, and national health priorities to strengthen early detection, clinical management, referral, and monitoring of mental health conditions.&#xA;The requirements for this guide are informed by global FHIR best practices, Digital Public Goods (DPGs) principles, and interoperability frameworks such as WHO SMART Guidelines and OpenHIE architecture. The profiles and terminology defined here will serve as a foundation for future FHIR-based digital health initiatives in Nepal.&#xA;Originally developed as part of the FHIR standardization efforts, this guide evolves with stakeholder input and aligns with national health information exchange (HIE) policies. Future versions will expand to support additional use cases, analytics, and real-time data sharing capabilities for Nepal’s health sector."/><jurisdiction><coding><system value="urn:iso:std:iso:3166"/><code value="NP"/><display value="Nepal"/></coding></jurisdiction><copyright value="Used by permission of HL7 International, all rights reserved Creative Commons License"/><packageId value="mentalhealth.fhir.ig"/><license value="CC-BY-SA-3.0"/><fhirVersion value="4.0.1"/><dependsOn id="hl7tx"><extension url="http://hl7.org/fhir/tools/StructureDefinition/implementationguide-dependency-comment"><valueMarkdown value="Automatically added as a dependency - all IGs depend on HL7 Terminology"/></extension><uri value="http://terminology.hl7.org/ImplementationGuide/hl7.terminology"/><packageId value="hl7.terminology.r4"/><version value="6.3.0"/></dependsOn><dependsOn id="hl7ext"><extension url="http://hl7.org/fhir/tools/StructureDefinition/implementationguide-dependency-comment"><valueMarkdown value="Automatically added as a dependency - all IGs depend on the HL7 Extension Pack"/></extension><uri value="http://hl7.org/fhir/extensions/ImplementationGuide/hl7.fhir.uv.extensions"/><packageId value="hl7.fhir.uv.extensions.r4"/><version value="5.2.0"/></dependsOn><definition><extension url="http://hl7.org/fhir/tools/StructureDefinition/ig-parameter"><extension url="code"><valueString value="copyrightyear"/></extension><extension url="value"><valueString value="2025+"/></extension></extension><extension url="http://hl7.org/fhir/tools/StructureDefinition/ig-parameter"><extension url="code"><valueString value="releaselabel"/></extension><extension url="value"><valueString value="ci-build"/></extension></extension><extension url="http://hl7.org/fhir/tools/StructureDefinition/ig-parameter"><extension url="code"><valueString value="autoload-resources"/></extension><extension url="value"><valueString value="true"/></extension></extension><extension url="http://hl7.org/fhir/tools/StructureDefinition/ig-parameter"><extension url="code"><valueString value="path-liquid"/></extension><extension url="value"><valueString value="template/liquid"/></extension></extension><extension url="http://hl7.org/fhir/tools/StructureDefinition/ig-parameter"><extension url="code"><valueString value="path-liquid"/></extension><extension url="value"><valueString value="input/liquid"/></extension></extension><extension url="http://hl7.org/fhir/tools/StructureDefinition/ig-parameter"><extension url="code"><valueString value="path-qa"/></extension><extension url="value"><valueString value="temp/qa"/></extension></extension><extension url="http://hl7.org/fhir/tools/StructureDefinition/ig-parameter"><extension url="code"><valueString value="path-temp"/></extension><extension url="value"><valueString value="temp/pages"/></extension></extension><extension url="http://hl7.org/fhir/tools/StructureDefinition/ig-parameter"><extension url="code"><valueString value="path-output"/></extension><extension url="value"><valueString value="output"/></extension></extension><extension url="http://hl7.org/fhir/tools/StructureDefinition/ig-parameter"><extension url="code"><valueString value="path-suppressed-warnings"/></extension><extension url="value"><valueString value="input/ignoreWarnings.txt"/></extension></extension><extension url="http://hl7.org/fhir/tools/StructureDefinition/ig-parameter"><extension url="code"><valueString value="path-history"/></extension><extension url="value"><valueString value="https://fhir.health.np/mentalhealth/history.html"/></extension></extension><extension url="http://hl7.org/fhir/tools/StructureDefinition/ig-parameter"><extension url="code"><valueString value="template-html"/></extension><extension url="value"><valueString value="template-page.html"/></extension></extension><extension url="http://hl7.org/fhir/tools/StructureDefinition/ig-parameter"><extension url="code"><valueString value="template-md"/></extension><extension url="value"><valueString value="template-page-md.html"/></extension></extension><extension url="http://hl7.org/fhir/tools/StructureDefinition/ig-parameter"><extension url="code"><valueString value="apply-contact"/></extension><extension url="value"><valueString value="true"/></extension></extension><extension url="http://hl7.org/fhir/tools/StructureDefinition/ig-parameter"><extension url="code"><valueString value="apply-context"/></extension><extension url="value"><valueString value="true"/></extension></extension><extension url="http://hl7.org/fhir/tools/StructureDefinition/ig-parameter"><extension url="code"><valueString value="apply-copyright"/></extension><extension url="value"><valueString value="true"/></extension></extension><extension url="http://hl7.org/fhir/tools/StructureDefinition/ig-parameter"><extension url="code"><valueString value="apply-jurisdiction"/></extension><extension url="value"><valueString value="true"/></extension></extension><extension url="http://hl7.org/fhir/tools/StructureDefinition/ig-parameter"><extension url="code"><valueString value="apply-license"/></extension><extension url="value"><valueString value="true"/></extension></extension><extension url="http://hl7.org/fhir/tools/StructureDefinition/ig-parameter"><extension url="code"><valueString value="apply-publisher"/></extension><extension url="value"><valueString value="true"/></extension></extension><extension url="http://hl7.org/fhir/tools/StructureDefinition/ig-parameter"><extension url="code"><valueString value="apply-version"/></extension><extension url="value"><valueString value="true"/></extension></extension><extension url="http://hl7.org/fhir/tools/StructureDefinition/ig-parameter"><extension url="code"><valueString value="apply-wg"/></extension><extension url="value"><valueString value="true"/></extension></extension><extension url="http://hl7.org/fhir/tools/StructureDefinition/ig-parameter"><extension url="code"><valueString value="active-tables"/></extension><extension url="value"><valueString value="true"/></extension></extension><extension url="http://hl7.org/fhir/tools/StructureDefinition/ig-parameter"><extension url="code"><valueString value="fmm-definition"/></extension><extension url="value"><valueString value="http://hl7.org/fhir/versions.html#maturity"/></extension></extension><extension url="http://hl7.org/fhir/tools/StructureDefinition/ig-parameter"><extension url="code"><valueString value="propagate-status"/></extension><extension url="value"><valueString value="true"/></extension></extension><extension url="http://hl7.org/fhir/tools/StructureDefinition/ig-parameter"><extension url="code"><valueString value="excludelogbinaryformat"/></extension><extension url="value"><valueString value="true"/></extension></extension><extension url="http://hl7.org/fhir/tools/StructureDefinition/ig-parameter"><extension url="code"><valueString value="tabbed-snapshots"/></extension><extension url="value"><valueString value="true"/></extension></extension><extension url="http://hl7.org/fhir/tools/StructureDefinition/ig-internal-dependency"><valueCode value="hl7.fhir.uv.tools.r4#0.5.0"/></extension><extension url="http://hl7.org/fhir/tools/StructureDefinition/ig-parameter"><extension url="code"><valueCode value="copyrightyear"/></extension><extension url="value"><valueString value="2025+"/></extension></extension><extension url="http://hl7.org/fhir/tools/StructureDefinition/ig-parameter"><extension url="code"><valueCode value="releaselabel"/></extension><extension url="value"><valueString value="ci-build"/></extension></extension><extension url="http://hl7.org/fhir/tools/StructureDefinition/ig-parameter"><extension url="code"><valueCode value="autoload-resources"/></extension><extension url="value"><valueString value="true"/></extension></extension><extension url="http://hl7.org/fhir/tools/StructureDefinition/ig-parameter"><extension url="code"><valueCode value="path-liquid"/></extension><extension url="value"><valueString value="template/liquid"/></extension></extension><extension url="http://hl7.org/fhir/tools/StructureDefinition/ig-parameter"><extension url="code"><valueCode value="path-liquid"/></extension><extension url="value"><valueString value="input/liquid"/></extension></extension><extension url="http://hl7.org/fhir/tools/StructureDefinition/ig-parameter"><extension url="code"><valueCode value="path-qa"/></extension><extension url="value"><valueString value="temp/qa"/></extension></extension><extension url="http://hl7.org/fhir/tools/StructureDefinition/ig-parameter"><extension url="code"><valueCode value="path-temp"/></extension><extension url="value"><valueString value="temp/pages"/></extension></extension><extension url="http://hl7.org/fhir/tools/StructureDefinition/ig-parameter"><extension url="code"><valueCode value="path-output"/></extension><extension url="value"><valueString value="output"/></extension></extension><extension url="http://hl7.org/fhir/tools/StructureDefinition/ig-parameter"><extension url="code"><valueCode value="path-suppressed-warnings"/></extension><extension url="value"><valueString value="input/ignoreWarnings.txt"/></extension></extension><extension url="http://hl7.org/fhir/tools/StructureDefinition/ig-parameter"><extension url="code"><valueCode value="path-history"/></extension><extension url="value"><valueString value="https://fhir.health.np/mentalhealth/history.html"/></extension></extension><extension url="http://hl7.org/fhir/tools/StructureDefinition/ig-parameter"><extension url="code"><valueCode value="template-html"/></extension><extension url="value"><valueString value="template-page.html"/></extension></extension><extension url="http://hl7.org/fhir/tools/StructureDefinition/ig-parameter"><extension url="code"><valueCode value="template-md"/></extension><extension url="value"><valueString value="template-page-md.html"/></extension></extension><extension url="http://hl7.org/fhir/tools/StructureDefinition/ig-parameter"><extension url="code"><valueCode value="apply-contact"/></extension><extension url="value"><valueString value="true"/></extension></extension><extension url="http://hl7.org/fhir/tools/StructureDefinition/ig-parameter"><extension url="code"><valueCode value="apply-context"/></extension><extension url="value"><valueString value="true"/></extension></extension><extension url="http://hl7.org/fhir/tools/StructureDefinition/ig-parameter"><extension url="code"><valueCode value="apply-copyright"/></extension><extension url="value"><valueString value="true"/></extension></extension><extension url="http://hl7.org/fhir/tools/StructureDefinition/ig-parameter"><extension url="code"><valueCode value="apply-jurisdiction"/></extension><extension url="value"><valueString value="true"/></extension></extension><extension url="http://hl7.org/fhir/tools/StructureDefinition/ig-parameter"><extension url="code"><valueCode value="apply-license"/></extension><extension url="value"><valueString value="true"/></extension></extension><extension url="http://hl7.org/fhir/tools/StructureDefinition/ig-parameter"><extension url="code"><valueCode value="apply-publisher"/></extension><extension url="value"><valueString value="true"/></extension></extension><extension url="http://hl7.org/fhir/tools/StructureDefinition/ig-parameter"><extension url="code"><valueCode value="apply-version"/></extension><extension url="value"><valueString value="true"/></extension></extension><extension url="http://hl7.org/fhir/tools/StructureDefinition/ig-parameter"><extension url="code"><valueCode value="apply-wg"/></extension><extension url="value"><valueString value="true"/></extension></extension><extension url="http://hl7.org/fhir/tools/StructureDefinition/ig-parameter"><extension url="code"><valueCode value="active-tables"/></extension><extension url="value"><valueString value="true"/></extension></extension><extension url="http://hl7.org/fhir/tools/StructureDefinition/ig-parameter"><extension url="code"><valueCode value="fmm-definition"/></extension><extension url="value"><valueString value="http://hl7.org/fhir/versions.html#maturity"/></extension></extension><extension url="http://hl7.org/fhir/tools/StructureDefinition/ig-parameter"><extension url="code"><valueCode value="propagate-status"/></extension><extension url="value"><valueString value="true"/></extension></extension><extension url="http://hl7.org/fhir/tools/StructureDefinition/ig-parameter"><extension url="code"><valueCode value="excludelogbinaryformat"/></extension><extension url="value"><valueString value="true"/></extension></extension><extension url="http://hl7.org/fhir/tools/StructureDefinition/ig-parameter"><extension url="code"><valueCode value="tabbed-snapshots"/></extension><extension url="value"><valueString value="true"/></extension></extension><extension url="http://hl7.org/fhir/tools/StructureDefinition/ig-parameter"><extension url="code"><valueCode value="copyrightyear"/></extension><extension url="value"><valueString value="2025+"/></extension></extension><extension url="http://hl7.org/fhir/tools/StructureDefinition/ig-parameter"><extension url="code"><valueCode value="releaselabel"/></extension><extension url="value"><valueString value="ci-build"/></extension></extension><extension url="http://hl7.org/fhir/tools/StructureDefinition/ig-parameter"><extension url="code"><valueCode value="autoload-resources"/></extension><extension url="value"><valueString value="true"/></extension></extension><extension url="http://hl7.org/fhir/tools/StructureDefinition/ig-parameter"><extension url="code"><valueCode value="path-liquid"/></extension><extension url="value"><valueString value="template/liquid"/></extension></extension><extension url="http://hl7.org/fhir/tools/StructureDefinition/ig-parameter"><extension url="code"><valueCode value="path-liquid"/></extension><extension url="value"><valueString value="input/liquid"/></extension></extension><extension url="http://hl7.org/fhir/tools/StructureDefinition/ig-parameter"><extension url="code"><valueCode value="path-qa"/></extension><extension url="value"><valueString value="temp/qa"/></extension></extension><extension url="http://hl7.org/fhir/tools/StructureDefinition/ig-parameter"><extension url="code"><valueCode value="path-temp"/></extension><extension url="value"><valueString value="temp/pages"/></extension></extension><extension url="http://hl7.org/fhir/tools/StructureDefinition/ig-parameter"><extension url="code"><valueCode value="path-output"/></extension><extension url="value"><valueString value="output"/></extension></extension><extension url="http://hl7.org/fhir/tools/StructureDefinition/ig-parameter"><extension url="code"><valueCode value="path-suppressed-warnings"/></extension><extension url="value"><valueString value="input/ignoreWarnings.txt"/></extension></extension><extension url="http://hl7.org/fhir/tools/StructureDefinition/ig-parameter"><extension url="code"><valueCode value="path-history"/></extension><extension url="value"><valueString value="https://fhir.health.np/mentalhealth/history.html"/></extension></extension><extension url="http://hl7.org/fhir/tools/StructureDefinition/ig-parameter"><extension url="code"><valueCode value="template-html"/></extension><extension url="value"><valueString value="template-page.html"/></extension></extension><extension url="http://hl7.org/fhir/tools/StructureDefinition/ig-parameter"><extension url="code"><valueCode value="template-md"/></extension><extension url="value"><valueString value="template-page-md.html"/></extension></extension><extension url="http://hl7.org/fhir/tools/StructureDefinition/ig-parameter"><extension url="code"><valueCode value="apply-contact"/></extension><extension url="value"><valueString value="true"/></extension></extension><extension url="http://hl7.org/fhir/tools/StructureDefinition/ig-parameter"><extension url="code"><valueCode value="apply-context"/></extension><extension url="value"><valueString value="true"/></extension></extension><extension url="http://hl7.org/fhir/tools/StructureDefinition/ig-parameter"><extension url="code"><valueCode value="apply-copyright"/></extension><extension url="value"><valueString value="true"/></extension></extension><extension url="http://hl7.org/fhir/tools/StructureDefinition/ig-parameter"><extension url="code"><valueCode value="apply-jurisdiction"/></extension><extension url="value"><valueString value="true"/></extension></extension><extension url="http://hl7.org/fhir/tools/StructureDefinition/ig-parameter"><extension url="code"><valueCode value="apply-license"/></extension><extension url="value"><valueString value="true"/></extension></extension><extension url="http://hl7.org/fhir/tools/StructureDefinition/ig-parameter"><extension url="code"><valueCode value="apply-publisher"/></extension><extension url="value"><valueString value="true"/></extension></extension><extension url="http://hl7.org/fhir/tools/StructureDefinition/ig-parameter"><extension url="code"><valueCode value="apply-version"/></extension><extension url="value"><valueString value="true"/></extension></extension><extension url="http://hl7.org/fhir/tools/StructureDefinition/ig-parameter"><extension url="code"><valueCode value="apply-wg"/></extension><extension url="value"><valueString value="true"/></extension></extension><extension url="http://hl7.org/fhir/tools/StructureDefinition/ig-parameter"><extension url="code"><valueCode value="active-tables"/></extension><extension url="value"><valueString value="true"/></extension></extension><extension url="http://hl7.org/fhir/tools/StructureDefinition/ig-parameter"><extension url="code"><valueCode value="fmm-definition"/></extension><extension url="value"><valueString value="http://hl7.org/fhir/versions.html#maturity"/></extension></extension><extension url="http://hl7.org/fhir/tools/StructureDefinition/ig-parameter"><extension url="code"><valueCode value="propagate-status"/></extension><extension url="value"><valueString value="true"/></extension></extension><extension url="http://hl7.org/fhir/tools/StructureDefinition/ig-parameter"><extension url="code"><valueCode value="excludelogbinaryformat"/></extension><extension url="value"><valueString value="true"/></extension></extension><extension url="http://hl7.org/fhir/tools/StructureDefinition/ig-parameter"><extension url="code"><valueCode value="tabbed-snapshots"/></extension><extension url="value"><valueString value="true"/></extension></extension><grouping id="-str-profile"><name value="Structures: Resource Profiles"/><description value="These define constraints on FHIR resources for systems conforming to this implementation guide."/></grouping><grouping id="-str-extension"><name value="Structures: Extension Definitions"/><description value="These define constraints on FHIR data types for systems conforming to this implementation guide."/></grouping><grouping id="-term-valueset"><name value="Terminology: Value Sets"/><description value="These define sets of codes used by systems conforming to this implementation guide."/></grouping><grouping id="-term-codesystem"><name value="Terminology: Code Systems"/><description value="These define new code systems used by systems conforming to this implementation guide."/></grouping><grouping id="-ex-example"><name value="Example: Example Instances"/><description value="These are example instances that show what data produced and consumed by systems conforming with this implementation guide might look like."/></grouping><grouping id="-other"><name value="Other"/><description value="These are resources that are used within this implementation guide that do not fit into one of the other categories."/></grouping><resource><extension url="http://hl7.org/fhir/tools/StructureDefinition/resource-sort"><valueInteger value="999999999"/></extension><extension url="http://hl7.org/fhir/StructureDefinition/implementationguide-page"><valueUri value="StructureDefinition-mental-patient.html"/></extension><reference><reference value="StructureDefinition/mental-patient"/></reference><name value="Mental Health Patient"/><description value="A FHIR Patient profile tailored for mental health contexts in Nepal."/><exampleBoolean value="false"/><groupingId value="-str-profile"/></resource><resource><extension url="http://hl7.org/fhir/tools/StructureDefinition/resource-sort"><valueInteger value="999999999"/></extension><extension url="http://hl7.org/fhir/StructureDefinition/implementationguide-page"><valueUri value="StructureDefinition-mental-health-referral.html"/></extension><reference><reference value="StructureDefinition/mental-health-referral"/></reference><name value="Mental Health Referral"/><description value="A FHIR profile for standardizing mental health referral requests in Nepal."/><exampleBoolean value="false"/><groupingId value="-str-profile"/></resource><resource><extension url="http://hl7.org/fhir/tools/StructureDefinition/resource-sort"><valueInteger value="999999999"/></extension><extension url="http://hl7.org/fhir/StructureDefinition/implementationguide-page"><valueUri value="StructureDefinition-mental-health-condition.html"/></extension><reference><reference value="StructureDefinition/mental-health-condition"/></reference><name value="Primary Diagnosis Condition with any ICD-11 Mental Health Code"/><description value="A Condition resource representing any primary mental health diagnosis from ICD-11 codes."/><exampleBoolean value="false"/><groupingId value="-str-profile"/></resource><resource><extension url="http://hl7.org/fhir/tools/StructureDefinition/resource-sort"><valueInteger value="999999999"/></extension><extension url="http://hl7.org/fhir/StructureDefinition/implementationguide-page"><valueUri value="StructureDefinition-ethnic-code.html"/></extension><reference><reference value="StructureDefinition/ethnic-code"/></reference><name value="Ethnic Code"/><description value="Extension to capture जाति कोड (ethnicity) based on Nepali classification"/><exampleBoolean value="false"/><groupingId value="-str-extension"/></resource><resource><extension url="http://hl7.org/fhir/tools/StructureDefinition/resource-sort"><valueInteger value="999999999"/></extension><extension url="http://hl7.org/fhir/StructureDefinition/implementationguide-page"><valueUri value="StructureDefinition-program-info.html"/></extension><reference><reference value="StructureDefinition/program-info"/></reference><name value="Grant Program ID and Number"/><exampleBoolean value="false"/><groupingId value="-str-extension"/></resource><resource><extension url="http://hl7.org/fhir/tools/StructureDefinition/resource-sort"><valueInteger value="999999999"/></extension><extension url="http://hl7.org/fhir/StructureDefinition/implementationguide-page"><valueUri value="ValueSet-bh-funding-types.html"/></extension><reference><reference value="ValueSet/bh-funding-types"/></reference><name value="Behavioral Health Program Funding Types"/><exampleBoolean value="false"/><groupingId value="-term-valueset"/></resource><resource><extension url="http://hl7.org/fhir/tools/StructureDefinition/resource-sort"><valueInteger value="999999999"/></extension><extension url="http://hl7.org/fhir/StructureDefinition/implementationguide-page"><valueUri value="ValueSet-ethnic-code-vs.html"/></extension><reference><reference value="ValueSet/ethnic-code-vs"/></reference><name value="Ethnic Code ValueSet"/><description value="ValueSet for जाति कोड (Ethnic Codes in Nepal)"/><exampleBoolean value="false"/><groupingId value="-term-valueset"/></resource><resource><extension url="http://hl7.org/fhir/tools/StructureDefinition/resource-sort"><valueInteger value="999999999"/></extension><extension url="http://hl7.org/fhir/StructureDefinition/implementationguide-page"><valueUri value="ValueSet-mental-health-clinical-note-types.html"/></extension><reference><reference value="ValueSet/mental-health-clinical-note-types"/></reference><name value="Mental Health Clinical Note Types"/><exampleBoolean value="false"/><groupingId value="-term-valueset"/></resource><resource><extension url="http://hl7.org/fhir/tools/StructureDefinition/resource-sort"><valueInteger value="999999999"/></extension><extension url="http://hl7.org/fhir/StructureDefinition/implementationguide-page"><valueUri value="CodeSystem-bh-funding-type-codes.html"/></extension><reference><reference value="CodeSystem/bh-funding-type-codes"/></reference><name value="Behavioral Health Program Funding Type Codes"/><exampleBoolean value="false"/><groupingId value="-term-codesystem"/></resource><resource><extension url="http://hl7.org/fhir/tools/StructureDefinition/resource-sort"><valueInteger value="999999999"/></extension><extension url="http://hl7.org/fhir/StructureDefinition/implementationguide-page"><valueUri value="CodeSystem-ethnic-code-cs.html"/></extension><reference><reference value="CodeSystem/ethnic-code-cs"/></reference><name value="Ethnic Code"/><description value="जाति कोडहरू: दलित, जनजाती, मधेसी, मुस्लिम, ब्राह्मण/क्षेत्री, अन्य"/><exampleBoolean value="false"/><groupingId value="-term-codesystem"/></resource><resource><extension url="http://hl7.org/fhir/tools/StructureDefinition/resource-sort"><valueInteger value="999999999"/></extension><extension url="http://hl7.org/fhir/StructureDefinition/implementationguide-page"><valueUri value="Condition-example-primary-diagnosis.html"/></extension><reference><reference value="Condition/example-primary-diagnosis"/></reference><name value="Example Primary Mental Health Diagnosis"/><description value="An example of a primary diagnosis of depressive episode using ICD-11."/><exampleCanonical value="https://fhir.health.np/mentalhealth/StructureDefinition/mental-health-condition"/><groupingId value="-ex-example"/></resource><resource><extension url="http://hl7.org/fhir/tools/StructureDefinition/resource-sort"><valueInteger value="999999999"/></extension><extension url="http://hl7.org/fhir/StructureDefinition/implementationguide-page"><valueUri value="ServiceRequest-ExampleReferralToPsychiatrist.html"/></extension><reference><reference value="ServiceRequest/ExampleReferralToPsychiatrist"/></reference><name value="Referral to Psychiatrist"/><description value="A referral order for psychiatric evaluation for a patient with depressive disorder."/><exampleCanonical value="https://fhir.health.np/mentalhealth/StructureDefinition/mental-health-referral"/><groupingId value="-ex-example"/></resource><resource><extension url="http://hl7.org/fhir/tools/StructureDefinition/resource-sort"><valueInteger value="999999999"/></extension><extension url="http://hl7.org/fhir/StructureDefinition/implementationguide-page"><valueUri value="Patient-ExamplePatient.html"/></extension><reference><reference value="Patient/ExamplePatient"/></reference><name value="Sample Patient"/><description value="An example patient record mapped from a capture system."/><exampleCanonical value="https://fhir.health.np/mentalhealth/StructureDefinition/mental-patient"/><groupingId value="-ex-example"/></resource><resource><extension url="http://hl7.org/fhir/tools/StructureDefinition/resource-sort"><valueInteger value="999999999"/></extension><extension url="http://hl7.org/fhir/StructureDefinition/implementationguide-page"><valueUri value="QuestionnaireResponse-BHP-QuestionnaireResponsePRAPAREExample-1.html"/></extension><reference><reference value="QuestionnaireResponse/BHP-QuestionnaireResponsePRAPAREExample-1"/></reference><name value="BHP-QuestionnaireResponsePRAPAREExample-1"/><exampleBoolean value="false"/><groupingId value="-other"/></resource><resource><extension url="http://hl7.org/fhir/tools/StructureDefinition/resource-sort"><valueInteger value="999999999"/></extension><extension url="http://hl7.org/fhir/StructureDefinition/implementationguide-page"><valueUri value="QuestionnaireResponse-C-SSRS-example-1.html"/></extension><reference><reference value="QuestionnaireResponse/C-SSRS-example-1"/></reference><name value="C-SSRS-example-1"/><exampleBoolean value="false"/><groupingId value="-other"/></resource><resource><extension url="http://hl7.org/fhir/tools/StructureDefinition/resource-sort"><valueInteger value="999999999"/></extension><extension url="http://hl7.org/fhir/StructureDefinition/implementationguide-page"><valueUri value="CareTeam-bh-care-team-example-1.html"/></extension><reference><reference value="CareTeam/bh-care-team-example-1"/></reference><name value="Example CareTeam"/><exampleBoolean value="false"/><groupingId value="-other"/></resource><resource><extension url="http://hl7.org/fhir/tools/StructureDefinition/resource-sort"><valueInteger value="999999999"/></extension><extension url="http://hl7.org/fhir/StructureDefinition/implementationguide-page"><valueUri value="Location-ed-location-example-1.html"/></extension><reference><reference value="Location/ed-location-example-1"/></reference><name value="Florida General Hospital - Emergency Department"/><description value="Florida General Hospital - Emergency Department"/><exampleBoolean value="false"/><groupingId value="-other"/></resource><resource><extension url="http://hl7.org/fhir/tools/StructureDefinition/resource-sort"><valueInteger value="999999999"/></extension><extension url="http://hl7.org/fhir/StructureDefinition/implementationguide-page"><valueUri value="Location-obs-location-example-1.html"/></extension><reference><reference value="Location/obs-location-example-1"/></reference><name value="Florida General Hospital - Observation"/><description value="Florida General Hospital - Observation bed"/><exampleBoolean value="false"/><groupingId value="-other"/></resource><resource><extension url="http://hl7.org/fhir/tools/StructureDefinition/resource-sort"><valueInteger value="999999999"/></extension><extension url="http://hl7.org/fhir/StructureDefinition/implementationguide-page"><valueUri value="Organization-mh-provider-example-1.html"/></extension><reference><reference value="Organization/mh-provider-example-1"/></reference><name value="Florida Mental Health Provider Associates"/><exampleBoolean value="false"/><groupingId value="-other"/></resource><resource><extension url="http://hl7.org/fhir/tools/StructureDefinition/resource-sort"><valueInteger value="999999999"/></extension><extension url="http://hl7.org/fhir/StructureDefinition/implementationguide-page"><valueUri value="Organization-fl-medicaid-example-1.html"/></extension><reference><reference value="Organization/fl-medicaid-example-1"/></reference><name value="Florida MyACCESS - Medicaid"/><exampleBoolean value="false"/><groupingId value="-other"/></resource><resource><extension url="http://hl7.org/fhir/tools/StructureDefinition/resource-sort"><valueInteger value="999999999"/></extension><extension url="http://hl7.org/fhir/StructureDefinition/implementationguide-page"><valueUri value="Consent-SDOHCC-ConsentInformationDisclosure-example-1.html"/></extension><reference><reference value="Consent/SDOHCC-ConsentInformationDisclosure-example-1"/></reference><name value="SDOHCC-ConsentInformationDisclosure-example-1"/><exampleBoolean value="false"/><groupingId value="-other"/></resource><resource><extension url="http://hl7.org/fhir/tools/StructureDefinition/resource-sort"><valueInteger value="999999999"/></extension><extension url="http://hl7.org/fhir/StructureDefinition/implementationguide-page"><valueUri value="ServiceRequest-ServiceRequest-peer-mentoring-example-1.html"/></extension><reference><reference value="ServiceRequest/ServiceRequest-peer-mentoring-example-1"/></reference><name value="ServiceRequest-peer-mentoring-example-1"/><exampleBoolean value="false"/><groupingId value="-other"/></resource><resource><extension url="http://hl7.org/fhir/tools/StructureDefinition/resource-sort"><valueInteger value="999999999"/></extension><extension url="http://hl7.org/fhir/StructureDefinition/implementationguide-page"><valueUri value="QuestionnaireResponse-ace-example-1.html"/></extension><reference><reference value="QuestionnaireResponse/ace-example-1"/></reference><name value="ace-example-1"/><exampleBoolean value="false"/><groupingId value="-other"/></resource><resource><extension url="http://hl7.org/fhir/tools/StructureDefinition/resource-sort"><valueInteger value="999999999"/></extension><extension url="http://hl7.org/fhir/StructureDefinition/implementationguide-page"><valueUri value="RelatedPerson-adult-child-relatedperson-example-1.html"/></extension><reference><reference value="RelatedPerson/adult-child-relatedperson-example-1"/></reference><name value="adult-child-relatedperson-example-1"/><exampleBoolean value="false"/><groupingId value="-other"/></resource><resource><extension url="http://hl7.org/fhir/tools/StructureDefinition/resource-sort"><valueInteger value="999999999"/></extension><extension url="http://hl7.org/fhir/StructureDefinition/implementationguide-page"><valueUri value="Procedure-alcohol-prevetion-education-example-1.html"/></extension><reference><reference value="Procedure/alcohol-prevetion-education-example-1"/></reference><name value="alcohol-prevetion-education-example-1"/><exampleBoolean value="false"/><groupingId value="-other"/></resource><resource><extension url="http://hl7.org/fhir/tools/StructureDefinition/resource-sort"><valueInteger value="999999999"/></extension><extension url="http://hl7.org/fhir/StructureDefinition/implementationguide-page"><valueUri value="QuestionnaireResponse-alcohol-use-identification-test-1.html"/></extension><reference><reference value="QuestionnaireResponse/alcohol-use-identification-test-1"/></reference><name value="alcohol-use-identification-test-1"/><exampleBoolean value="false"/><groupingId value="-other"/></resource><resource><extension url="http://hl7.org/fhir/tools/StructureDefinition/resource-sort"><valueInteger value="999999999"/></extension><extension url="http://hl7.org/fhir/StructureDefinition/implementationguide-page"><valueUri value="Observation-anxiety-assessment-observation-example-1.html"/></extension><reference><reference value="Observation/anxiety-assessment-observation-example-1"/></reference><name value="anxiety-assessment-observation-example-1"/><exampleBoolean value="false"/><groupingId value="-other"/></resource><resource><extension url="http://hl7.org/fhir/tools/StructureDefinition/resource-sort"><valueInteger value="999999999"/></extension><extension url="http://hl7.org/fhir/StructureDefinition/implementationguide-page"><valueUri value="MedicationRequest-ativan-discharge-med-example-1.html"/></extension><reference><reference value="MedicationRequest/ativan-discharge-med-example-1"/></reference><name value="ativan-discharge-med-example-1"/><exampleBoolean value="false"/><groupingId value="-other"/></resource><resource><extension url="http://hl7.org/fhir/tools/StructureDefinition/resource-sort"><valueInteger value="999999999"/></extension><extension url="http://hl7.org/fhir/StructureDefinition/implementationguide-page"><valueUri value="Observation-average-blood-pressure-example-1.html"/></extension><reference><reference value="Observation/average-blood-pressure-example-1"/></reference><name value="average-blood-pressure-example-1"/><exampleBoolean value="false"/><groupingId value="-other"/></resource><resource><extension url="http://hl7.org/fhir/tools/StructureDefinition/resource-sort"><valueInteger value="999999999"/></extension><extension url="http://hl7.org/fhir/StructureDefinition/implementationguide-page"><valueUri value="QuestionnaireResponse-barthel-index-functional-status-example-1.html"/></extension><reference><reference value="QuestionnaireResponse/barthel-index-functional-status-example-1"/></reference><name value="barthel-index-functional-status-example-1"/><exampleBoolean value="false"/><groupingId value="-other"/></resource><resource><extension url="http://hl7.org/fhir/tools/StructureDefinition/resource-sort"><valueInteger value="999999999"/></extension><extension url="http://hl7.org/fhir/StructureDefinition/implementationguide-page"><valueUri value="Medication-benzo-medication-example-1.html"/></extension><reference><reference value="Medication/benzo-medication-example-1"/></reference><name value="benzo-medication-example-1"/><exampleBoolean value="false"/><groupingId value="-other"/></resource><resource><extension url="http://hl7.org/fhir/tools/StructureDefinition/resource-sort"><valueInteger value="999999999"/></extension><extension url="http://hl7.org/fhir/StructureDefinition/implementationguide-page"><valueUri value="MedicationRequest-benzo-order-example-1.html"/></extension><reference><reference value="MedicationRequest/benzo-order-example-1"/></reference><name value="benzo-order-example-1"/><exampleBoolean value="false"/><groupingId value="-other"/></resource><resource><extension url="http://hl7.org/fhir/tools/StructureDefinition/resource-sort"><valueInteger value="999999999"/></extension><extension url="http://hl7.org/fhir/StructureDefinition/implementationguide-page"><valueUri value="Observation-bh-grant-info-observation-example-1.html"/></extension><reference><reference value="Observation/bh-grant-info-observation-example-1"/></reference><name value="bh-grant-info-observation-example-1"/><exampleBoolean value="false"/><groupingId value="-other"/></resource><resource><extension url="http://hl7.org/fhir/tools/StructureDefinition/resource-sort"><valueInteger value="999999999"/></extension><extension url="http://hl7.org/fhir/StructureDefinition/implementationguide-page"><valueUri value="Patient-bh-patient-example.html"/></extension><reference><reference value="Patient/bh-patient-example"/></reference><name value="bh-patient-example"/><exampleBoolean value="false"/><groupingId value="-other"/></resource><resource><extension url="http://hl7.org/fhir/tools/StructureDefinition/resource-sort"><valueInteger value="999999999"/></extension><extension url="http://hl7.org/fhir/StructureDefinition/implementationguide-page"><valueUri value="Procedure-bh-prevention-education-program-example-1.html"/></extension><reference><reference value="Procedure/bh-prevention-education-program-example-1"/></reference><name value="bh-prevention-education-program-example-1"/><exampleBoolean value="false"/><groupingId value="-other"/></resource><resource><extension url="http://hl7.org/fhir/tools/StructureDefinition/resource-sort"><valueInteger value="999999999"/></extension><extension url="http://hl7.org/fhir/StructureDefinition/implementationguide-page"><valueUri value="Observation-blood-pressure-example-1.html"/></extension><reference><reference value="Observation/blood-pressure-example-1"/></reference><name value="blood-pressure-example-1"/><exampleBoolean value="false"/><groupingId value="-other"/></resource><resource><extension url="http://hl7.org/fhir/tools/StructureDefinition/resource-sort"><valueInteger value="999999999"/></extension><extension url="http://hl7.org/fhir/StructureDefinition/implementationguide-page"><valueUri value="MedicationRequest-bupropion-discharge-med-example-1.html"/></extension><reference><reference value="MedicationRequest/bupropion-discharge-med-example-1"/></reference><name value="bupropion-discharge-med-example-1"/><exampleBoolean value="false"/><groupingId value="-other"/></resource><resource><extension url="http://hl7.org/fhir/tools/StructureDefinition/resource-sort"><valueInteger value="999999999"/></extension><extension url="http://hl7.org/fhir/StructureDefinition/implementationguide-page"><valueUri value="MedicationDispense-bupropion-dispense-example-1.html"/></extension><reference><reference value="MedicationDispense/bupropion-dispense-example-1"/></reference><name value="bupropion-dispense-example-1"/><exampleBoolean value="false"/><groupingId value="-other"/></resource><resource><extension url="http://hl7.org/fhir/tools/StructureDefinition/resource-sort"><valueInteger value="999999999"/></extension><extension url="http://hl7.org/fhir/StructureDefinition/implementationguide-page"><valueUri value="Condition-chest-pain-condition-example-1.html"/></extension><reference><reference value="Condition/chest-pain-condition-example-1"/></reference><name value="chest-pain-condition-example-1"/><exampleBoolean value="false"/><groupingId value="-other"/></resource><resource><extension url="http://hl7.org/fhir/tools/StructureDefinition/resource-sort"><valueInteger value="999999999"/></extension><extension url="http://hl7.org/fhir/StructureDefinition/implementationguide-page"><valueUri value="Observation-cognitive-status-observation-example-3.html"/></extension><reference><reference value="Observation/cognitive-status-observation-example-3"/></reference><name value="cognitive-status-observation-example-3"/><exampleBoolean value="false"/><groupingId value="-other"/></resource><resource><extension url="http://hl7.org/fhir/tools/StructureDefinition/resource-sort"><valueInteger value="999999999"/></extension><extension url="http://hl7.org/fhir/StructureDefinition/implementationguide-page"><valueUri value="Condition-depression-condition-example-1.html"/></extension><reference><reference value="Condition/depression-condition-example-1"/></reference><name value="depression-condition-example-1"/><exampleBoolean value="false"/><groupingId value="-other"/></resource><resource><extension url="http://hl7.org/fhir/tools/StructureDefinition/resource-sort"><valueInteger value="999999999"/></extension><extension url="http://hl7.org/fhir/StructureDefinition/implementationguide-page"><valueUri value="Condition-diabetes-condition-example-1.html"/></extension><reference><reference value="Condition/diabetes-condition-example-1"/></reference><name value="diabetes-condition-example-1"/><exampleBoolean value="false"/><groupingId value="-other"/></resource><resource><extension url="http://hl7.org/fhir/tools/StructureDefinition/resource-sort"><valueInteger value="999999999"/></extension><extension url="http://hl7.org/fhir/StructureDefinition/implementationguide-page"><valueUri value="Observation-disability-status-observation-example-1.html"/></extension><reference><reference value="Observation/disability-status-observation-example-1"/></reference><name value="disability-status-observation-example-1"/><exampleBoolean value="false"/><groupingId value="-other"/></resource><resource><extension url="http://hl7.org/fhir/tools/StructureDefinition/resource-sort"><valueInteger value="999999999"/></extension><extension url="http://hl7.org/fhir/StructureDefinition/implementationguide-page"><valueUri value="Encounter-discharge-encounter-example-3.html"/></extension><reference><reference value="Encounter/discharge-encounter-example-3"/></reference><name value="discharge-encounter-example-3"/><exampleBoolean value="false"/><groupingId value="-other"/></resource><resource><extension url="http://hl7.org/fhir/tools/StructureDefinition/resource-sort"><valueInteger value="999999999"/></extension><extension url="http://hl7.org/fhir/StructureDefinition/implementationguide-page"><valueUri value="Encounter-ed-encounter-example-1.html"/></extension><reference><reference value="Encounter/ed-encounter-example-1"/></reference><name value="ed-encounter-example-1"/><exampleBoolean value="false"/><groupingId value="-other"/></resource><resource><extension url="http://hl7.org/fhir/tools/StructureDefinition/resource-sort"><valueInteger value="999999999"/></extension><extension url="http://hl7.org/fhir/StructureDefinition/implementationguide-page"><valueUri value="Practitioner-ed-physician-example-1.html"/></extension><reference><reference value="Practitioner/ed-physician-example-1"/></reference><name value="ed-physician-example-1"/><exampleBoolean value="false"/><groupingId value="-other"/></resource><resource><extension url="http://hl7.org/fhir/tools/StructureDefinition/resource-sort"><valueInteger value="999999999"/></extension><extension url="http://hl7.org/fhir/StructureDefinition/implementationguide-page"><valueUri value="DiagnosticReport-ekg-impression-report-example-1.html"/></extension><reference><reference value="DiagnosticReport/ekg-impression-report-example-1"/></reference><name value="ekg-impression-report-example-1"/><exampleBoolean value="false"/><groupingId value="-other"/></resource><resource><extension url="http://hl7.org/fhir/tools/StructureDefinition/resource-sort"><valueInteger value="999999999"/></extension><extension url="http://hl7.org/fhir/StructureDefinition/implementationguide-page"><valueUri value="Observation-ekg-observation-example-1.html"/></extension><reference><reference value="Observation/ekg-observation-example-1"/></reference><name value="ekg-observation-example-1"/><exampleBoolean value="false"/><groupingId value="-other"/></resource><resource><extension url="http://hl7.org/fhir/tools/StructureDefinition/resource-sort"><valueInteger value="999999999"/></extension><extension url="http://hl7.org/fhir/StructureDefinition/implementationguide-page"><valueUri value="Parameters-expansion-parameters-bhir.html"/></extension><reference><reference value="Parameters/expansion-parameters-bhir"/></reference><name value="expansion-parameters-bhir"/><exampleBoolean value="false"/><groupingId value="-other"/></resource><resource><extension url="http://hl7.org/fhir/tools/StructureDefinition/resource-sort"><valueInteger value="999999999"/></extension><extension url="http://hl7.org/fhir/StructureDefinition/implementationguide-page"><valueUri value="AdverseEvent-fall-adverse-event-example-1.html"/></extension><reference><reference value="AdverseEvent/fall-adverse-event-example-1"/></reference><name value="fall-adverse-event-example-1"/><exampleBoolean value="false"/><groupingId value="-other"/></resource><resource><extension url="http://hl7.org/fhir/tools/StructureDefinition/resource-sort"><valueInteger value="999999999"/></extension><extension url="http://hl7.org/fhir/StructureDefinition/implementationguide-page"><valueUri value="Immunization-flu-vaccine-example-1.html"/></extension><reference><reference value="Immunization/flu-vaccine-example-1"/></reference><name value="flu-vaccine-example-1"/><exampleBoolean value="false"/><groupingId value="-other"/></resource><resource><extension url="http://hl7.org/fhir/tools/StructureDefinition/resource-sort"><valueInteger value="999999999"/></extension><extension url="http://hl7.org/fhir/StructureDefinition/implementationguide-page"><valueUri value="Goal-food-insecurity-example-1.html"/></extension><reference><reference value="Goal/food-insecurity-example-1"/></reference><name value="food-insecurity-example-1"/><exampleBoolean value="false"/><groupingId value="-other"/></resource><resource><extension url="http://hl7.org/fhir/tools/StructureDefinition/resource-sort"><valueInteger value="999999999"/></extension><extension url="http://hl7.org/fhir/StructureDefinition/implementationguide-page"><valueUri value="Condition-grief-condition-example-1.html"/></extension><reference><reference value="Condition/grief-condition-example-1"/></reference><name value="grief-condition-example-1"/><exampleBoolean value="false"/><groupingId value="-other"/></resource><resource><extension url="http://hl7.org/fhir/tools/StructureDefinition/resource-sort"><valueInteger value="999999999"/></extension><extension url="http://hl7.org/fhir/StructureDefinition/implementationguide-page"><valueUri value="QuestionnaireResponse-hark-example-1.html"/></extension><reference><reference value="QuestionnaireResponse/hark-example-1"/></reference><name value="hark-example-1"/><exampleBoolean value="false"/><groupingId value="-other"/></resource><resource><extension url="http://hl7.org/fhir/tools/StructureDefinition/resource-sort"><valueInteger value="999999999"/></extension><extension url="http://hl7.org/fhir/StructureDefinition/implementationguide-page"><valueUri value="Procedure-harm-reduction-example-1.html"/></extension><reference><reference value="Procedure/harm-reduction-example-1"/></reference><name value="harm-reduction-example-1"/><exampleBoolean value="false"/><groupingId value="-other"/></resource><resource><extension url="http://hl7.org/fhir/tools/StructureDefinition/resource-sort"><valueInteger value="999999999"/></extension><extension url="http://hl7.org/fhir/StructureDefinition/implementationguide-page"><valueUri value="Observation-heart-rate-example-1.html"/></extension><reference><reference value="Observation/heart-rate-example-1"/></reference><name value="heart-rate-example-1"/><exampleBoolean value="false"/><groupingId value="-other"/></resource><resource><extension url="http://hl7.org/fhir/tools/StructureDefinition/resource-sort"><valueInteger value="999999999"/></extension><extension url="http://hl7.org/fhir/StructureDefinition/implementationguide-page"><valueUri value="Observation-height-example-1.html"/></extension><reference><reference value="Observation/height-example-1"/></reference><name value="height-example-1"/><exampleBoolean value="false"/><groupingId value="-other"/></resource><resource><extension url="http://hl7.org/fhir/tools/StructureDefinition/resource-sort"><valueInteger value="999999999"/></extension><extension url="http://hl7.org/fhir/StructureDefinition/implementationguide-page"><valueUri value="Observation-hemoglobin-a1c-example-1.html"/></extension><reference><reference value="Observation/hemoglobin-a1c-example-1"/></reference><name value="hemoglobin-a1c-example-1"/><exampleBoolean value="false"/><groupingId value="-other"/></resource><resource><extension url="http://hl7.org/fhir/tools/StructureDefinition/resource-sort"><valueInteger value="999999999"/></extension><extension url="http://hl7.org/fhir/StructureDefinition/implementationguide-page"><valueUri value="Goal-housing-insecurity-example-1.html"/></extension><reference><reference value="Goal/housing-insecurity-example-1"/></reference><name value="housing-insecurity-example-1"/><exampleBoolean value="false"/><groupingId value="-other"/></resource><resource><extension url="http://hl7.org/fhir/tools/StructureDefinition/resource-sort"><valueInteger value="999999999"/></extension><extension url="http://hl7.org/fhir/StructureDefinition/implementationguide-page"><valueUri value="Coverage-medicaid-coverage-example-1.html"/></extension><reference><reference value="Coverage/medicaid-coverage-example-1"/></reference><name value="medicaid-coverage-example-1"/><exampleBoolean value="false"/><groupingId value="-other"/></resource><resource><extension url="http://hl7.org/fhir/tools/StructureDefinition/resource-sort"><valueInteger value="999999999"/></extension><extension url="http://hl7.org/fhir/StructureDefinition/implementationguide-page"><valueUri value="DocumentReference-mental-health-consult-note-example-1.html"/></extension><reference><reference value="DocumentReference/mental-health-consult-note-example-1"/></reference><name value="mental-health-consult-note-example-1"/><exampleBoolean value="false"/><groupingId value="-other"/></resource><resource><extension url="http://hl7.org/fhir/tools/StructureDefinition/resource-sort"><valueInteger value="999999999"/></extension><extension url="http://hl7.org/fhir/StructureDefinition/implementationguide-page"><valueUri value="DocumentReference-mental-health-discharge-summary-example-1.html"/></extension><reference><reference value="DocumentReference/mental-health-discharge-summary-example-1"/></reference><name value="mental-health-discharge-summary-example-1"/><exampleBoolean value="false"/><groupingId value="-other"/></resource><resource><extension url="http://hl7.org/fhir/tools/StructureDefinition/resource-sort"><valueInteger value="999999999"/></extension><extension url="http://hl7.org/fhir/StructureDefinition/implementationguide-page"><valueUri value="DocumentReference-mental-health-hx-physical-example-1.html"/></extension><reference><reference value="DocumentReference/mental-health-hx-physical-example-1"/></reference><name value="mental-health-hx-physical-example-1"/><exampleBoolean value="false"/><groupingId value="-other"/></resource><resource><extension url="http://hl7.org/fhir/tools/StructureDefinition/resource-sort"><valueInteger value="999999999"/></extension><extension url="http://hl7.org/fhir/StructureDefinition/implementationguide-page"><valueUri value="DocumentReference-mental-health-procedure-example-1.html"/></extension><reference><reference value="DocumentReference/mental-health-procedure-example-1"/></reference><name value="mental-health-procedure-example-1"/><exampleBoolean value="false"/><groupingId value="-other"/></resource><resource><extension url="http://hl7.org/fhir/tools/StructureDefinition/resource-sort"><valueInteger value="999999999"/></extension><extension url="http://hl7.org/fhir/StructureDefinition/implementationguide-page"><valueUri value="DocumentReference-mental-health-progress-example-1.html"/></extension><reference><reference value="DocumentReference/mental-health-progress-example-1"/></reference><name value="mental-health-progress-example-1"/><exampleBoolean value="false"/><groupingId value="-other"/></resource><resource><extension url="http://hl7.org/fhir/tools/StructureDefinition/resource-sort"><valueInteger value="999999999"/></extension><extension url="http://hl7.org/fhir/StructureDefinition/implementationguide-page"><valueUri value="Practitioner-mental-health-provider-example-1.html"/></extension><reference><reference value="Practitioner/mental-health-provider-example-1"/></reference><name value="mental-health-provider-example-1"/><exampleBoolean value="false"/><groupingId value="-other"/></resource><resource><extension url="http://hl7.org/fhir/tools/StructureDefinition/resource-sort"><valueInteger value="999999999"/></extension><extension url="http://hl7.org/fhir/StructureDefinition/implementationguide-page"><valueUri value="MedicationRequest-metformin-discharge-med-example-1.html"/></extension><reference><reference value="MedicationRequest/metformin-discharge-med-example-1"/></reference><name value="metformin-discharge-med-example-1"/><exampleBoolean value="false"/><groupingId value="-other"/></resource><resource><extension url="http://hl7.org/fhir/tools/StructureDefinition/resource-sort"><valueInteger value="999999999"/></extension><extension url="http://hl7.org/fhir/StructureDefinition/implementationguide-page"><valueUri value="Observation-no-morphine-preference-observation-example-1.html"/></extension><reference><reference value="Observation/no-morphine-preference-observation-example-1"/></reference><name value="no-morphine-preference-observation-example-1"/><exampleBoolean value="false"/><groupingId value="-other"/></resource><resource><extension url="http://hl7.org/fhir/tools/StructureDefinition/resource-sort"><valueInteger value="999999999"/></extension><extension url="http://hl7.org/fhir/StructureDefinition/implementationguide-page"><valueUri value="Observation-non-smoker-example-1.html"/></extension><reference><reference value="Observation/non-smoker-example-1"/></reference><name value="non-smoker-example-1"/><exampleBoolean value="false"/><groupingId value="-other"/></resource><resource><extension url="http://hl7.org/fhir/tools/StructureDefinition/resource-sort"><valueInteger value="999999999"/></extension><extension url="http://hl7.org/fhir/StructureDefinition/implementationguide-page"><valueUri value="Encounter-obs-encounter-example-2.html"/></extension><reference><reference value="Encounter/obs-encounter-example-2"/></reference><name value="obs-encounter-example-2"/><exampleBoolean value="false"/><groupingId value="-other"/></resource><resource><extension url="http://hl7.org/fhir/tools/StructureDefinition/resource-sort"><valueInteger value="999999999"/></extension><extension url="http://hl7.org/fhir/StructureDefinition/implementationguide-page"><valueUri value="Observation-oxygen-saturation-example-1.html"/></extension><reference><reference value="Observation/oxygen-saturation-example-1"/></reference><name value="oxygen-saturation-example-1"/><exampleBoolean value="false"/><groupingId value="-other"/></resource><resource><extension url="http://hl7.org/fhir/tools/StructureDefinition/resource-sort"><valueInteger value="999999999"/></extension><extension url="http://hl7.org/fhir/StructureDefinition/implementationguide-page"><valueUri value="Condition-panic-attack-condition-example-1.html"/></extension><reference><reference value="Condition/panic-attack-condition-example-1"/></reference><name value="panic-attack-condition-example-1"/><exampleBoolean value="false"/><groupingId value="-other"/></resource><resource><extension url="http://hl7.org/fhir/tools/StructureDefinition/resource-sort"><valueInteger value="999999999"/></extension><extension url="http://hl7.org/fhir/StructureDefinition/implementationguide-page"><valueUri value="MedicationRequest-paroxetine-discharge-med-example-1.html"/></extension><reference><reference value="MedicationRequest/paroxetine-discharge-med-example-1"/></reference><name value="paroxetine-discharge-med-example-1"/><exampleBoolean value="false"/><groupingId value="-other"/></resource><resource><extension url="http://hl7.org/fhir/tools/StructureDefinition/resource-sort"><valueInteger value="999999999"/></extension><extension url="http://hl7.org/fhir/StructureDefinition/implementationguide-page"><valueUri value="Encounter-pcp-encounter-example-4.html"/></extension><reference><reference value="Encounter/pcp-encounter-example-4"/></reference><name value="pcp-encounter-example-4"/><exampleBoolean value="false"/><groupingId value="-other"/></resource><resource><extension url="http://hl7.org/fhir/tools/StructureDefinition/resource-sort"><valueInteger value="999999999"/></extension><extension url="http://hl7.org/fhir/StructureDefinition/implementationguide-page"><valueUri value="Practitioner-pcp-provider-example-1.html"/></extension><reference><reference value="Practitioner/pcp-provider-example-1"/></reference><name value="pcp-provider-example-1"/><exampleBoolean value="false"/><groupingId value="-other"/></resource><resource><extension url="http://hl7.org/fhir/tools/StructureDefinition/resource-sort"><valueInteger value="999999999"/></extension><extension url="http://hl7.org/fhir/StructureDefinition/implementationguide-page"><valueUri value="AllergyIntolerance-peanut-allergy-example-1.html"/></extension><reference><reference value="AllergyIntolerance/peanut-allergy-example-1"/></reference><name value="peanut-allergy-example-1"/><exampleBoolean value="false"/><groupingId value="-other"/></resource><resource><extension url="http://hl7.org/fhir/tools/StructureDefinition/resource-sort"><valueInteger value="999999999"/></extension><extension url="http://hl7.org/fhir/StructureDefinition/implementationguide-page"><valueUri value="AllergyIntolerance-penicillin-allergy-example-1.html"/></extension><reference><reference value="AllergyIntolerance/penicillin-allergy-example-1"/></reference><name value="penicillin-allergy-example-1"/><exampleBoolean value="false"/><groupingId value="-other"/></resource><resource><extension url="http://hl7.org/fhir/tools/StructureDefinition/resource-sort"><valueInteger value="999999999"/></extension><extension url="http://hl7.org/fhir/StructureDefinition/implementationguide-page"><valueUri value="QuestionnaireResponse-phq-9-example-1.html"/></extension><reference><reference value="QuestionnaireResponse/phq-9-example-1"/></reference><name value="phq-9-example-1"/><exampleBoolean value="false"/><groupingId value="-other"/></resource><resource><extension url="http://hl7.org/fhir/tools/StructureDefinition/resource-sort"><valueInteger value="999999999"/></extension><extension url="http://hl7.org/fhir/StructureDefinition/implementationguide-page"><valueUri value="Observation-pregnancy-status-example-1.html"/></extension><reference><reference value="Observation/pregnancy-status-example-1"/></reference><name value="pregnancy-status-example-1"/><exampleBoolean value="false"/><groupingId value="-other"/></resource><resource><extension url="http://hl7.org/fhir/tools/StructureDefinition/resource-sort"><valueInteger value="999999999"/></extension><extension url="http://hl7.org/fhir/StructureDefinition/implementationguide-page"><valueUri value="Observation-provider-preference-observation-example-2.html"/></extension><reference><reference value="Observation/provider-preference-observation-example-2"/></reference><name value="provider-preference-observation-example-2"/><exampleBoolean value="false"/><groupingId value="-other"/></resource><resource><extension url="http://hl7.org/fhir/tools/StructureDefinition/resource-sort"><valueInteger value="999999999"/></extension><extension url="http://hl7.org/fhir/StructureDefinition/implementationguide-page"><valueUri value="Observation-respiratory-rate-example-1.html"/></extension><reference><reference value="Observation/respiratory-rate-example-1"/></reference><name value="respiratory-rate-example-1"/><exampleBoolean value="false"/><groupingId value="-other"/></resource><resource><extension url="http://hl7.org/fhir/tools/StructureDefinition/resource-sort"><valueInteger value="999999999"/></extension><extension url="http://hl7.org/fhir/StructureDefinition/implementationguide-page"><valueUri value="Observation-sexual-orientation-example-1.html"/></extension><reference><reference value="Observation/sexual-orientation-example-1"/></reference><name value="sexual-orientation-example-1"/><exampleBoolean value="false"/><groupingId value="-other"/></resource><resource><extension url="http://hl7.org/fhir/tools/StructureDefinition/resource-sort"><valueInteger value="999999999"/></extension><extension url="http://hl7.org/fhir/StructureDefinition/implementationguide-page"><valueUri value="Goal-social-connection-example-1.html"/></extension><reference><reference value="Goal/social-connection-example-1"/></reference><name value="social-connection-example-1"/><exampleBoolean value="false"/><groupingId value="-other"/></resource><resource><extension url="http://hl7.org/fhir/tools/StructureDefinition/resource-sort"><valueInteger value="999999999"/></extension><extension url="http://hl7.org/fhir/StructureDefinition/implementationguide-page"><valueUri value="Condition-substance-abuse-condition-example-1.html"/></extension><reference><reference value="Condition/substance-abuse-condition-example-1"/></reference><name value="substance-abuse-condition-example-1"/><exampleBoolean value="false"/><groupingId value="-other"/></resource><resource><extension url="http://hl7.org/fhir/tools/StructureDefinition/resource-sort"><valueInteger value="999999999"/></extension><extension url="http://hl7.org/fhir/StructureDefinition/implementationguide-page"><valueUri value="Observation-temperature-example-1.html"/></extension><reference><reference value="Observation/temperature-example-1"/></reference><name value="temperature-example-1"/><exampleBoolean value="false"/><groupingId value="-other"/></resource><resource><extension url="http://hl7.org/fhir/tools/StructureDefinition/resource-sort"><valueInteger value="999999999"/></extension><extension url="http://hl7.org/fhir/StructureDefinition/implementationguide-page"><valueUri value="Goal-transportation-insecurity-example-1.html"/></extension><reference><reference value="Goal/transportation-insecurity-example-1"/></reference><name value="transportation-insecurity-example-1"/><exampleBoolean value="false"/><groupingId value="-other"/></resource><resource><extension url="http://hl7.org/fhir/tools/StructureDefinition/resource-sort"><valueInteger value="999999999"/></extension><extension url="http://hl7.org/fhir/StructureDefinition/implementationguide-page"><valueUri value="Observation-usual-work-example-1.html"/></extension><reference><reference value="Observation/usual-work-example-1"/></reference><name value="usual-work-example-1"/><exampleBoolean value="false"/><groupingId value="-other"/></resource><resource><extension url="http://hl7.org/fhir/tools/StructureDefinition/resource-sort"><valueInteger value="999999999"/></extension><extension url="http://hl7.org/fhir/StructureDefinition/implementationguide-page"><valueUri value="Observation-weight-example-1.html"/></extension><reference><reference value="Observation/weight-example-1"/></reference><name value="weight-example-1"/><exampleBoolean value="false"/><groupingId value="-other"/></resource><page><extension url="http://hl7.org/fhir/tools/StructureDefinition/ig-page-name"><valueUrl value="toc.html"/></extension><nameUrl value="toc.html"/><title value="Table of Contents"/><generation value="html"/><page><extension url="http://hl7.org/fhir/tools/StructureDefinition/ig-page-name"><valueUrl value="index.html"/></extension><nameUrl value="index.html"/><title value="Home"/><generation value="markdown"/></page><page><extension url="http://hl7.org/fhir/tools/StructureDefinition/ig-page-name"><valueUrl value="license.html"/></extension><nameUrl value="license.html"/><title value="License"/><generation value="markdown"/></page><page><extension url="http://hl7.org/fhir/tools/StructureDefinition/ig-page-name"><valueUrl value="metadata.html"/></extension><nameUrl value="metadata.html"/><title value="Metadata"/><generation value="markdown"/></page><page><extension url="http://hl7.org/fhir/tools/StructureDefinition/ig-page-name"><valueUrl value="terminology.html"/></extension><nameUrl value="terminology.html"/><title value="Terminology Server"/><generation value="markdown"/></page><page><extension url="http://hl7.org/fhir/tools/StructureDefinition/ig-page-name"><valueUrl value="artifacts.html"/></extension><nameUrl value="artifacts.html"/><title value="Artifacts Summary"/><generation value="html"/><page><extension url="http://hl7.org/fhir/tools/StructureDefinition/ig-page-name"><valueUrl value="StructureDefinition-mental-patient.html"/></extension><nameUrl value="StructureDefinition-mental-patient.html"/><title value="Mental Health Patient"/><generation value="generated"/></page><page><extension url="http://hl7.org/fhir/tools/StructureDefinition/ig-page-name"><valueUrl value="StructureDefinition-mental-health-referral.html"/></extension><nameUrl value="StructureDefinition-mental-health-referral.html"/><title value="Mental Health Referral"/><generation value="generated"/></page><page><extension url="http://hl7.org/fhir/tools/StructureDefinition/ig-page-name"><valueUrl value="StructureDefinition-mental-health-condition.html"/></extension><nameUrl value="StructureDefinition-mental-health-condition.html"/><title value="Primary Diagnosis Condition with any ICD-11 Mental Health Code"/><generation value="generated"/></page><page><extension url="http://hl7.org/fhir/tools/StructureDefinition/ig-page-name"><valueUrl value="StructureDefinition-ethnic-code.html"/></extension><nameUrl value="StructureDefinition-ethnic-code.html"/><title value="Ethnic Code"/><generation value="generated"/></page><page><extension url="http://hl7.org/fhir/tools/StructureDefinition/ig-page-name"><valueUrl value="StructureDefinition-program-info.html"/></extension><nameUrl value="StructureDefinition-program-info.html"/><title value="Grant Program ID and Number"/><generation value="generated"/></page><page><extension url="http://hl7.org/fhir/tools/StructureDefinition/ig-page-name"><valueUrl value="ValueSet-bh-funding-types.html"/></extension><nameUrl value="ValueSet-bh-funding-types.html"/><title value="Behavioral Health Program Funding Types"/><generation value="generated"/></page><page><extension url="http://hl7.org/fhir/tools/StructureDefinition/ig-page-name"><valueUrl value="ValueSet-ethnic-code-vs.html"/></extension><nameUrl value="ValueSet-ethnic-code-vs.html"/><title value="Ethnic Code ValueSet"/><generation value="generated"/></page><page><extension url="http://hl7.org/fhir/tools/StructureDefinition/ig-page-name"><valueUrl value="ValueSet-mental-health-clinical-note-types.html"/></extension><nameUrl value="ValueSet-mental-health-clinical-note-types.html"/><title value="Mental Health Clinical Note Types"/><generation value="generated"/></page><page><extension url="http://hl7.org/fhir/tools/StructureDefinition/ig-page-name"><valueUrl value="CodeSystem-bh-funding-type-codes.html"/></extension><nameUrl value="CodeSystem-bh-funding-type-codes.html"/><title value="Behavioral Health Program Funding Type Codes"/><generation value="generated"/></page><page><extension url="http://hl7.org/fhir/tools/StructureDefinition/ig-page-name"><valueUrl value="CodeSystem-ethnic-code-cs.html"/></extension><nameUrl value="CodeSystem-ethnic-code-cs.html"/><title value="Ethnic Code"/><generation value="generated"/></page><page><extension url="http://hl7.org/fhir/tools/StructureDefinition/ig-page-name"><valueUrl value="Condition-example-primary-diagnosis.html"/></extension><nameUrl value="Condition-example-primary-diagnosis.html"/><title value="Example Primary Mental Health Diagnosis"/><generation value="generated"/></page><page><extension url="http://hl7.org/fhir/tools/StructureDefinition/ig-page-name"><valueUrl value="ServiceRequest-ExampleReferralToPsychiatrist.html"/></extension><nameUrl value="ServiceRequest-ExampleReferralToPsychiatrist.html"/><title value="Referral to Psychiatrist"/><generation value="generated"/></page><page><extension url="http://hl7.org/fhir/tools/StructureDefinition/ig-page-name"><valueUrl value="Patient-ExamplePatient.html"/></extension><nameUrl value="Patient-ExamplePatient.html"/><title value="Sample Patient"/><generation value="generated"/></page><page><extension url="http://hl7.org/fhir/tools/StructureDefinition/ig-page-name"><valueUrl value="QuestionnaireResponse-ace-example-1.html"/></extension><nameUrl value="QuestionnaireResponse-ace-example-1.html"/><title value="ace-example-1"/><generation value="generated"/></page><page><extension url="http://hl7.org/fhir/tools/StructureDefinition/ig-page-name"><valueUrl value="RelatedPerson-adult-child-relatedperson-example-1.html"/></extension><nameUrl value="RelatedPerson-adult-child-relatedperson-example-1.html"/><title value="adult-child-relatedperson-example-1"/><generation value="generated"/></page><page><extension url="http://hl7.org/fhir/tools/StructureDefinition/ig-page-name"><valueUrl value="Procedure-alcohol-prevetion-education-example-1.html"/></extension><nameUrl value="Procedure-alcohol-prevetion-education-example-1.html"/><title value="alcohol-prevetion-education-example-1"/><generation value="generated"/></page><page><extension url="http://hl7.org/fhir/tools/StructureDefinition/ig-page-name"><valueUrl value="QuestionnaireResponse-alcohol-use-identification-test-1.html"/></extension><nameUrl value="QuestionnaireResponse-alcohol-use-identification-test-1.html"/><title value="alcohol-use-identification-test-1"/><generation value="generated"/></page><page><extension url="http://hl7.org/fhir/tools/StructureDefinition/ig-page-name"><valueUrl value="Observation-anxiety-assessment-observation-example-1.html"/></extension><nameUrl value="Observation-anxiety-assessment-observation-example-1.html"/><title value="anxiety-assessment-observation-example-1"/><generation value="generated"/></page><page><extension url="http://hl7.org/fhir/tools/StructureDefinition/ig-page-name"><valueUrl value="MedicationRequest-ativan-discharge-med-example-1.html"/></extension><nameUrl value="MedicationRequest-ativan-discharge-med-example-1.html"/><title value="ativan-discharge-med-example-1"/><generation value="generated"/></page><page><extension url="http://hl7.org/fhir/tools/StructureDefinition/ig-page-name"><valueUrl value="Observation-average-blood-pressure-example-1.html"/></extension><nameUrl value="Observation-average-blood-pressure-example-1.html"/><title value="average-blood-pressure-example-1"/><generation value="generated"/></page><page><extension url="http://hl7.org/fhir/tools/StructureDefinition/ig-page-name"><valueUrl value="QuestionnaireResponse-barthel-index-functional-status-example-1.html"/></extension><nameUrl value="QuestionnaireResponse-barthel-index-functional-status-example-1.html"/><title value="barthel-index-functional-status-example-1"/><generation value="generated"/></page><page><extension url="http://hl7.org/fhir/tools/StructureDefinition/ig-page-name"><valueUrl value="Medication-benzo-medication-example-1.html"/></extension><nameUrl value="Medication-benzo-medication-example-1.html"/><title value="benzo-medication-example-1"/><generation value="generated"/></page><page><extension url="http://hl7.org/fhir/tools/StructureDefinition/ig-page-name"><valueUrl value="MedicationRequest-benzo-order-example-1.html"/></extension><nameUrl value="MedicationRequest-benzo-order-example-1.html"/><title value="benzo-order-example-1"/><generation value="generated"/></page><page><extension url="http://hl7.org/fhir/tools/StructureDefinition/ig-page-name"><valueUrl value="Observation-bh-grant-info-observation-example-1.html"/></extension><nameUrl value="Observation-bh-grant-info-observation-example-1.html"/><title value="bh-grant-info-observation-example-1"/><generation value="generated"/></page><page><extension url="http://hl7.org/fhir/tools/StructureDefinition/ig-page-name"><valueUrl value="Patient-bh-patient-example.html"/></extension><nameUrl value="Patient-bh-patient-example.html"/><title value="bh-patient-example"/><generation value="generated"/></page><page><extension url="http://hl7.org/fhir/tools/StructureDefinition/ig-page-name"><valueUrl value="Procedure-bh-prevention-education-program-example-1.html"/></extension><nameUrl value="Procedure-bh-prevention-education-program-example-1.html"/><title value="bh-prevention-education-program-example-1"/><generation value="generated"/></page><page><extension url="http://hl7.org/fhir/tools/StructureDefinition/ig-page-name"><valueUrl value="QuestionnaireResponse-BHP-QuestionnaireResponsePRAPAREExample-1.html"/></extension><nameUrl value="QuestionnaireResponse-BHP-QuestionnaireResponsePRAPAREExample-1.html"/><title value="BHP-QuestionnaireResponsePRAPAREExample-1"/><generation value="generated"/></page><page><extension url="http://hl7.org/fhir/tools/StructureDefinition/ig-page-name"><valueUrl value="Observation-blood-pressure-example-1.html"/></extension><nameUrl value="Observation-blood-pressure-example-1.html"/><title value="blood-pressure-example-1"/><generation value="generated"/></page><page><extension url="http://hl7.org/fhir/tools/StructureDefinition/ig-page-name"><valueUrl value="MedicationRequest-bupropion-discharge-med-example-1.html"/></extension><nameUrl value="MedicationRequest-bupropion-discharge-med-example-1.html"/><title value="bupropion-discharge-med-example-1"/><generation value="generated"/></page><page><extension url="http://hl7.org/fhir/tools/StructureDefinition/ig-page-name"><valueUrl value="MedicationDispense-bupropion-dispense-example-1.html"/></extension><nameUrl value="MedicationDispense-bupropion-dispense-example-1.html"/><title value="bupropion-dispense-example-1"/><generation value="generated"/></page><page><extension url="http://hl7.org/fhir/tools/StructureDefinition/ig-page-name"><valueUrl value="QuestionnaireResponse-C-SSRS-example-1.html"/></extension><nameUrl value="QuestionnaireResponse-C-SSRS-example-1.html"/><title value="C-SSRS-example-1"/><generation value="generated"/></page><page><extension url="http://hl7.org/fhir/tools/StructureDefinition/ig-page-name"><valueUrl value="Condition-chest-pain-condition-example-1.html"/></extension><nameUrl value="Condition-chest-pain-condition-example-1.html"/><title value="chest-pain-condition-example-1"/><generation value="generated"/></page><page><extension url="http://hl7.org/fhir/tools/StructureDefinition/ig-page-name"><valueUrl value="Observation-cognitive-status-observation-example-3.html"/></extension><nameUrl value="Observation-cognitive-status-observation-example-3.html"/><title value="cognitive-status-observation-example-3"/><generation value="generated"/></page><page><extension url="http://hl7.org/fhir/tools/StructureDefinition/ig-page-name"><valueUrl value="Condition-depression-condition-example-1.html"/></extension><nameUrl value="Condition-depression-condition-example-1.html"/><title value="depression-condition-example-1"/><generation value="generated"/></page><page><extension url="http://hl7.org/fhir/tools/StructureDefinition/ig-page-name"><valueUrl value="Condition-diabetes-condition-example-1.html"/></extension><nameUrl value="Condition-diabetes-condition-example-1.html"/><title value="diabetes-condition-example-1"/><generation value="generated"/></page><page><extension url="http://hl7.org/fhir/tools/StructureDefinition/ig-page-name"><valueUrl value="Observation-disability-status-observation-example-1.html"/></extension><nameUrl value="Observation-disability-status-observation-example-1.html"/><title value="disability-status-observation-example-1"/><generation value="generated"/></page><page><extension url="http://hl7.org/fhir/tools/StructureDefinition/ig-page-name"><valueUrl value="Encounter-discharge-encounter-example-3.html"/></extension><nameUrl value="Encounter-discharge-encounter-example-3.html"/><title value="discharge-encounter-example-3"/><generation value="generated"/></page><page><extension url="http://hl7.org/fhir/tools/StructureDefinition/ig-page-name"><valueUrl value="Encounter-ed-encounter-example-1.html"/></extension><nameUrl value="Encounter-ed-encounter-example-1.html"/><title value="ed-encounter-example-1"/><generation value="generated"/></page><page><extension url="http://hl7.org/fhir/tools/StructureDefinition/ig-page-name"><valueUrl value="Practitioner-ed-physician-example-1.html"/></extension><nameUrl value="Practitioner-ed-physician-example-1.html"/><title value="ed-physician-example-1"/><generation value="generated"/></page><page><extension url="http://hl7.org/fhir/tools/StructureDefinition/ig-page-name"><valueUrl value="DiagnosticReport-ekg-impression-report-example-1.html"/></extension><nameUrl value="DiagnosticReport-ekg-impression-report-example-1.html"/><title value="ekg-impression-report-example-1"/><generation value="generated"/></page><page><extension url="http://hl7.org/fhir/tools/StructureDefinition/ig-page-name"><valueUrl value="Observation-ekg-observation-example-1.html"/></extension><nameUrl value="Observation-ekg-observation-example-1.html"/><title value="ekg-observation-example-1"/><generation value="generated"/></page><page><extension url="http://hl7.org/fhir/tools/StructureDefinition/ig-page-name"><valueUrl value="CareTeam-bh-care-team-example-1.html"/></extension><nameUrl value="CareTeam-bh-care-team-example-1.html"/><title value="Example CareTeam"/><generation value="generated"/></page><page><extension url="http://hl7.org/fhir/tools/StructureDefinition/ig-page-name"><valueUrl value="Parameters-expansion-parameters-bhir.html"/></extension><nameUrl value="Parameters-expansion-parameters-bhir.html"/><title value="expansion-parameters-bhir"/><generation value="generated"/></page><page><extension url="http://hl7.org/fhir/tools/StructureDefinition/ig-page-name"><valueUrl value="AdverseEvent-fall-adverse-event-example-1.html"/></extension><nameUrl value="AdverseEvent-fall-adverse-event-example-1.html"/><title value="fall-adverse-event-example-1"/><generation value="generated"/></page><page><extension url="http://hl7.org/fhir/tools/StructureDefinition/ig-page-name"><valueUrl value="Location-ed-location-example-1.html"/></extension><nameUrl value="Location-ed-location-example-1.html"/><title value="Florida General Hospital - Emergency Department"/><generation value="generated"/></page><page><extension url="http://hl7.org/fhir/tools/StructureDefinition/ig-page-name"><valueUrl value="Location-obs-location-example-1.html"/></extension><nameUrl value="Location-obs-location-example-1.html"/><title value="Florida General Hospital - Observation"/><generation value="generated"/></page><page><extension url="http://hl7.org/fhir/tools/StructureDefinition/ig-page-name"><valueUrl value="Organization-mh-provider-example-1.html"/></extension><nameUrl value="Organization-mh-provider-example-1.html"/><title value="Florida Mental Health Provider Associates"/><generation value="generated"/></page><page><extension url="http://hl7.org/fhir/tools/StructureDefinition/ig-page-name"><valueUrl value="Organization-fl-medicaid-example-1.html"/></extension><nameUrl value="Organization-fl-medicaid-example-1.html"/><title value="Florida MyACCESS - Medicaid"/><generation value="generated"/></page><page><extension url="http://hl7.org/fhir/tools/StructureDefinition/ig-page-name"><valueUrl value="Immunization-flu-vaccine-example-1.html"/></extension><nameUrl value="Immunization-flu-vaccine-example-1.html"/><title value="flu-vaccine-example-1"/><generation value="generated"/></page><page><extension url="http://hl7.org/fhir/tools/StructureDefinition/ig-page-name"><valueUrl value="Goal-food-insecurity-example-1.html"/></extension><nameUrl value="Goal-food-insecurity-example-1.html"/><title value="food-insecurity-example-1"/><generation value="generated"/></page><page><extension url="http://hl7.org/fhir/tools/StructureDefinition/ig-page-name"><valueUrl value="Condition-grief-condition-example-1.html"/></extension><nameUrl value="Condition-grief-condition-example-1.html"/><title value="grief-condition-example-1"/><generation value="generated"/></page><page><extension url="http://hl7.org/fhir/tools/StructureDefinition/ig-page-name"><valueUrl value="QuestionnaireResponse-hark-example-1.html"/></extension><nameUrl value="QuestionnaireResponse-hark-example-1.html"/><title value="hark-example-1"/><generation value="generated"/></page><page><extension url="http://hl7.org/fhir/tools/StructureDefinition/ig-page-name"><valueUrl value="Procedure-harm-reduction-example-1.html"/></extension><nameUrl value="Procedure-harm-reduction-example-1.html"/><title value="harm-reduction-example-1"/><generation value="generated"/></page><page><extension url="http://hl7.org/fhir/tools/StructureDefinition/ig-page-name"><valueUrl value="Observation-heart-rate-example-1.html"/></extension><nameUrl value="Observation-heart-rate-example-1.html"/><title value="heart-rate-example-1"/><generation value="generated"/></page><page><extension url="http://hl7.org/fhir/tools/StructureDefinition/ig-page-name"><valueUrl value="Observation-height-example-1.html"/></extension><nameUrl value="Observation-height-example-1.html"/><title value="height-example-1"/><generation value="generated"/></page><page><extension url="http://hl7.org/fhir/tools/StructureDefinition/ig-page-name"><valueUrl value="Observation-hemoglobin-a1c-example-1.html"/></extension><nameUrl value="Observation-hemoglobin-a1c-example-1.html"/><title value="hemoglobin-a1c-example-1"/><generation value="generated"/></page><page><extension url="http://hl7.org/fhir/tools/StructureDefinition/ig-page-name"><valueUrl value="Goal-housing-insecurity-example-1.html"/></extension><nameUrl value="Goal-housing-insecurity-example-1.html"/><title value="housing-insecurity-example-1"/><generation value="generated"/></page><page><extension url="http://hl7.org/fhir/tools/StructureDefinition/ig-page-name"><valueUrl value="Coverage-medicaid-coverage-example-1.html"/></extension><nameUrl value="Coverage-medicaid-coverage-example-1.html"/><title value="medicaid-coverage-example-1"/><generation value="generated"/></page><page><extension url="http://hl7.org/fhir/tools/StructureDefinition/ig-page-name"><valueUrl value="DocumentReference-mental-health-consult-note-example-1.html"/></extension><nameUrl value="DocumentReference-mental-health-consult-note-example-1.html"/><title value="mental-health-consult-note-example-1"/><generation value="generated"/></page><page><extension url="http://hl7.org/fhir/tools/StructureDefinition/ig-page-name"><valueUrl value="DocumentReference-mental-health-discharge-summary-example-1.html"/></extension><nameUrl value="DocumentReference-mental-health-discharge-summary-example-1.html"/><title value="mental-health-discharge-summary-example-1"/><generation value="generated"/></page><page><extension url="http://hl7.org/fhir/tools/StructureDefinition/ig-page-name"><valueUrl value="DocumentReference-mental-health-hx-physical-example-1.html"/></extension><nameUrl value="DocumentReference-mental-health-hx-physical-example-1.html"/><title value="mental-health-hx-physical-example-1"/><generation value="generated"/></page><page><extension url="http://hl7.org/fhir/tools/StructureDefinition/ig-page-name"><valueUrl value="DocumentReference-mental-health-procedure-example-1.html"/></extension><nameUrl value="DocumentReference-mental-health-procedure-example-1.html"/><title value="mental-health-procedure-example-1"/><generation value="generated"/></page><page><extension url="http://hl7.org/fhir/tools/StructureDefinition/ig-page-name"><valueUrl value="DocumentReference-mental-health-progress-example-1.html"/></extension><nameUrl value="DocumentReference-mental-health-progress-example-1.html"/><title value="mental-health-progress-example-1"/><generation value="generated"/></page><page><extension url="http://hl7.org/fhir/tools/StructureDefinition/ig-page-name"><valueUrl value="Practitioner-mental-health-provider-example-1.html"/></extension><nameUrl value="Practitioner-mental-health-provider-example-1.html"/><title value="mental-health-provider-example-1"/><generation value="generated"/></page><page><extension url="http://hl7.org/fhir/tools/StructureDefinition/ig-page-name"><valueUrl value="MedicationRequest-metformin-discharge-med-example-1.html"/></extension><nameUrl value="MedicationRequest-metformin-discharge-med-example-1.html"/><title value="metformin-discharge-med-example-1"/><generation value="generated"/></page><page><extension url="http://hl7.org/fhir/tools/StructureDefinition/ig-page-name"><valueUrl value="Observation-no-morphine-preference-observation-example-1.html"/></extension><nameUrl value="Observation-no-morphine-preference-observation-example-1.html"/><title value="no-morphine-preference-observation-example-1"/><generation value="generated"/></page><page><extension url="http://hl7.org/fhir/tools/StructureDefinition/ig-page-name"><valueUrl value="Observation-non-smoker-example-1.html"/></extension><nameUrl value="Observation-non-smoker-example-1.html"/><title value="non-smoker-example-1"/><generation value="generated"/></page><page><extension url="http://hl7.org/fhir/tools/StructureDefinition/ig-page-name"><valueUrl value="Encounter-obs-encounter-example-2.html"/></extension><nameUrl value="Encounter-obs-encounter-example-2.html"/><title value="obs-encounter-example-2"/><generation value="generated"/></page><page><extension url="http://hl7.org/fhir/tools/StructureDefinition/ig-page-name"><valueUrl value="Observation-oxygen-saturation-example-1.html"/></extension><nameUrl value="Observation-oxygen-saturation-example-1.html"/><title value="oxygen-saturation-example-1"/><generation value="generated"/></page><page><extension url="http://hl7.org/fhir/tools/StructureDefinition/ig-page-name"><valueUrl value="Condition-panic-attack-condition-example-1.html"/></extension><nameUrl value="Condition-panic-attack-condition-example-1.html"/><title value="panic-attack-condition-example-1"/><generation value="generated"/></page><page><extension url="http://hl7.org/fhir/tools/StructureDefinition/ig-page-name"><valueUrl value="MedicationRequest-paroxetine-discharge-med-example-1.html"/></extension><nameUrl value="MedicationRequest-paroxetine-discharge-med-example-1.html"/><title value="paroxetine-discharge-med-example-1"/><generation value="generated"/></page><page><extension url="http://hl7.org/fhir/tools/StructureDefinition/ig-page-name"><valueUrl value="Encounter-pcp-encounter-example-4.html"/></extension><nameUrl value="Encounter-pcp-encounter-example-4.html"/><title value="pcp-encounter-example-4"/><generation value="generated"/></page><page><extension url="http://hl7.org/fhir/tools/StructureDefinition/ig-page-name"><valueUrl value="Practitioner-pcp-provider-example-1.html"/></extension><nameUrl value="Practitioner-pcp-provider-example-1.html"/><title value="pcp-provider-example-1"/><generation value="generated"/></page><page><extension url="http://hl7.org/fhir/tools/StructureDefinition/ig-page-name"><valueUrl value="AllergyIntolerance-peanut-allergy-example-1.html"/></extension><nameUrl value="AllergyIntolerance-peanut-allergy-example-1.html"/><title value="peanut-allergy-example-1"/><generation value="generated"/></page><page><extension url="http://hl7.org/fhir/tools/StructureDefinition/ig-page-name"><valueUrl value="AllergyIntolerance-penicillin-allergy-example-1.html"/></extension><nameUrl value="AllergyIntolerance-penicillin-allergy-example-1.html"/><title value="penicillin-allergy-example-1"/><generation value="generated"/></page><page><extension url="http://hl7.org/fhir/tools/StructureDefinition/ig-page-name"><valueUrl value="QuestionnaireResponse-phq-9-example-1.html"/></extension><nameUrl value="QuestionnaireResponse-phq-9-example-1.html"/><title value="phq-9-example-1"/><generation value="generated"/></page><page><extension url="http://hl7.org/fhir/tools/StructureDefinition/ig-page-name"><valueUrl value="Observation-pregnancy-status-example-1.html"/></extension><nameUrl value="Observation-pregnancy-status-example-1.html"/><title value="pregnancy-status-example-1"/><generation value="generated"/></page><page><extension url="http://hl7.org/fhir/tools/StructureDefinition/ig-page-name"><valueUrl value="Observation-provider-preference-observation-example-2.html"/></extension><nameUrl value="Observation-provider-preference-observation-example-2.html"/><title value="provider-preference-observation-example-2"/><generation value="generated"/></page><page><extension url="http://hl7.org/fhir/tools/StructureDefinition/ig-page-name"><valueUrl value="Observation-respiratory-rate-example-1.html"/></extension><nameUrl value="Observation-respiratory-rate-example-1.html"/><title value="respiratory-rate-example-1"/><generation value="generated"/></page><page><extension url="http://hl7.org/fhir/tools/StructureDefinition/ig-page-name"><valueUrl value="Consent-SDOHCC-ConsentInformationDisclosure-example-1.html"/></extension><nameUrl value="Consent-SDOHCC-ConsentInformationDisclosure-example-1.html"/><title value="SDOHCC-ConsentInformationDisclosure-example-1"/><generation value="generated"/></page><page><extension url="http://hl7.org/fhir/tools/StructureDefinition/ig-page-name"><valueUrl value="ServiceRequest-ServiceRequest-peer-mentoring-example-1.html"/></extension><nameUrl value="ServiceRequest-ServiceRequest-peer-mentoring-example-1.html"/><title value="ServiceRequest-peer-mentoring-example-1"/><generation value="generated"/></page><page><extension url="http://hl7.org/fhir/tools/StructureDefinition/ig-page-name"><valueUrl value="Observation-sexual-orientation-example-1.html"/></extension><nameUrl value="Observation-sexual-orientation-example-1.html"/><title value="sexual-orientation-example-1"/><generation value="generated"/></page><page><extension url="http://hl7.org/fhir/tools/StructureDefinition/ig-page-name"><valueUrl value="Goal-social-connection-example-1.html"/></extension><nameUrl value="Goal-social-connection-example-1.html"/><title value="social-connection-example-1"/><generation value="generated"/></page><page><extension url="http://hl7.org/fhir/tools/StructureDefinition/ig-page-name"><valueUrl value="Condition-substance-abuse-condition-example-1.html"/></extension><nameUrl value="Condition-substance-abuse-condition-example-1.html"/><title value="substance-abuse-condition-example-1"/><generation value="generated"/></page><page><extension url="http://hl7.org/fhir/tools/StructureDefinition/ig-page-name"><valueUrl value="Observation-temperature-example-1.html"/></extension><nameUrl value="Observation-temperature-example-1.html"/><title value="temperature-example-1"/><generation value="generated"/></page><page><extension url="http://hl7.org/fhir/tools/StructureDefinition/ig-page-name"><valueUrl value="Goal-transportation-insecurity-example-1.html"/></extension><nameUrl value="Goal-transportation-insecurity-example-1.html"/><title value="transportation-insecurity-example-1"/><generation value="generated"/></page><page><extension url="http://hl7.org/fhir/tools/StructureDefinition/ig-page-name"><valueUrl value="Observation-usual-work-example-1.html"/></extension><nameUrl value="Observation-usual-work-example-1.html"/><title value="usual-work-example-1"/><generation value="generated"/></page><page><extension url="http://hl7.org/fhir/tools/StructureDefinition/ig-page-name"><valueUrl value="Observation-weight-example-1.html"/></extension><nameUrl value="Observation-weight-example-1.html"/><title value="weight-example-1"/><generation value="generated"/></page></page></page><parameter><code value="path-resource"/><value value="input/capabilities"/></parameter><parameter><code value="path-resource"/><value value="input/examples"/></parameter><parameter><code value="path-resource"/><value value="input/extensions"/></parameter><parameter><code value="path-resource"/><value value="input/models"/></parameter><parameter><code value="path-resource"/><value value="input/operations"/></parameter><parameter><code value="path-resource"/><value value="input/profiles"/></parameter><parameter><code value="path-resource"/><value value="input/resources"/></parameter><parameter><code value="path-resource"/><value value="input/vocabulary"/></parameter><parameter><code value="path-resource"/><value value="input/maps"/></parameter><parameter><code value="path-resource"/><value value="input/testing"/></parameter><parameter><code value="path-resource"/><value value="input/history"/></parameter><parameter><code value="path-resource"/><value value="fsh-generated/resources"/></parameter><parameter><code value="path-pages"/><value value="template/config"/></parameter><parameter><code value="path-pages"/><value value="input/images"/></parameter><parameter><code value="path-tx-cache"/><value value="input-cache/txcache"/></parameter></definition></ImplementationGuide>