<?xml version="1.0" encoding="UTF-8"?><ValueSet xmlns="http://hl7.org/fhir"><id value="ethnic-code-vs"/><text><status value="generated"/><div xmlns="http://www.w3.org/1999/xhtml"><p class="res-header-id"><b>Generated Narrative: ValueSet ethnic-code-vs</b></p><a name="ethnic-code-vs"> </a><a name="hcethnic-code-vs"> </a><a name="ethnic-code-vs-en-US"> </a><ul><li>Include all codes defined in <a href="CodeSystem-ethnic-code-cs.html"><code>https://fhir.health.np/mentalhealth/CodeSystem/ethnic-code-cs</code></a></li></ul></div></text><url value="https://fhir.health.np/mentalhealth/ValueSet/ethnic-code-vs"/><version value="1.0.1"/><name value="EthnicCodeVS"/><title value="Ethnic Code ValueSet"/><status value="active"/><date value="2025-05-20T11:38:44+05:45"/><publisher value="https://rcp.com.np"/><contact><name value="https://rcp.com.np"/><telecom><system value="url"/><value value="https://rcp.com.np"/></telecom><telecom><system value="email"/><value value="rmchndrapdl@gmail.com"/></telecom></contact><contact><name value="RC Poudel"/><telecom><system value="email"/><value value="rmchndrapdl@gmail.com"/><use value="work"/></telecom></contact><description value="ValueSet for जाति कोड (Ethnic Codes in Nepal)"/><jurisdiction><coding><system value="urn:iso:std:iso:3166"/><code value="NP"/><display value="Nepal"/></coding></jurisdiction><copyright value="Used by permission of HL7 International, all rights reserved Creative Commons License"/><compose><include><system value="https://fhir.health.np/mentalhealth/CodeSystem/ethnic-code-cs"/></include></compose></ValueSet>