<?xml version="1.0" encoding="UTF-8"?>

<Condition xmlns="http://hl7.org/fhir">
  <id value="example-primary-diagnosis"/>
  <meta>
    <profile value="https://fhir.health.np/mentalhealth/StructureDefinition/mental-health-condition"/>
  </meta>
  <text>
    <status value="generated"/><div xmlns="http://www.w3.org/1999/xhtml"><p class="res-header-id"><b>Generated Narrative: Condition example-primary-diagnosis</b></p><a name="example-primary-diagnosis"> </a><a name="hcexample-primary-diagnosis"> </a><a name="example-primary-diagnosis-en-US"> </a><div style="display: inline-block; background-color: #d9e0e7; padding: 6px; margin: 4px; border: 1px solid #8da1b4; border-radius: 5px; line-height: 60%"><p style="margin-bottom: 0px"/><p style="margin-bottom: 0px">Profile: <a href="StructureDefinition-mental-health-condition.html">Primary Diagnosis Condition with any ICD-11 Mental Health Code</a></p></div><p><b>clinicalStatus</b>: <span title="Codes:">active</span></p><p><b>verificationStatus</b>: <span title="Codes:">confirmed</span></p><p><b>category</b>: <span title="Codes:{http://terminology.hl7.org/CodeSystem/condition-category encounter-diagnosis}">Encounter Diagnosis</span></p><p><b>code</b>: <span title="Codes:{http://id.who.int/icd/release/11/mms 6A70}">Depressive episode</span></p><p><b>subject</b>: <a href="Patient/example">Patient/example</a></p><p><b>onset</b>: 2023-10-01</p><p><b>recordedDate</b>: 2023-10-02</p></div>
  </text>
  <clinicalStatus>
    <coding>
      <code value="active"/>
    </coding>
  </clinicalStatus>
  <verificationStatus>
    <coding>
      <code value="confirmed"/>
    </coding>
  </verificationStatus>
  <category>
    <coding>
      <system value="http://terminology.hl7.org/CodeSystem/condition-category"/>
      <code value="encounter-diagnosis"/>
      <display value="Encounter Diagnosis"/>
    </coding>
  </category>
  <code>
    <coding>
      <system value="http://id.who.int/icd/release/11/mms"/>
      <code value="6A70"/>
      <display value="Depressive episode"/>
    </coding>
  </code>
  <subject>
    <reference value="Patient/example"/>
  </subject>
  <onsetDateTime value="2023-10-01"/>
  <recordedDate value="2023-10-02"/>
</Condition>