<?xml version="1.0" encoding="UTF-8"?>

<AdverseEvent xmlns="http://hl7.org/fhir">
  <id value="fall-adverse-event-example-1"/>
  <text>
    <status value="generated"/><div xmlns="http://www.w3.org/1999/xhtml"><p class="res-header-id"><b>Generated Narrative: AdverseEvent fall-adverse-event-example-1</b></p><a name="fall-adverse-event-example-1"> </a><a name="hcfall-adverse-event-example-1"> </a><a name="fall-adverse-event-example-1-en-US"> </a><p><b>actuality</b>: Adverse Event</p><p><b>event</b>: <span title="Codes:{http://snomed.info/sct 1912002}">Fall</span></p><p><b>subject</b>: <a href="Patient-bh-patient-example.html">James Wolff</a></p></div>
  </text>
  <actuality value="actual"/>
  <event>
    <coding>
      <system value="http://snomed.info/sct"/>
      <code value="1912002"/>
      <display value="Fall (event)"/>
    </coding>
    <text value="Fall"/>
  </event>
  <subject>
    <reference value="Patient/bh-patient-example"/>
    <display value="James Wolff"/>
  </subject>
</AdverseEvent>