{
  "resourceType" : "AdverseEvent",
  "id" : "fall-adverse-event-example-1",
  "text" : {
    "status" : "generated",
    "div" : "<div xmlns=\"http://www.w3.org/1999/xhtml\"><p class=\"res-header-id\"><b>Generated Narrative: AdverseEvent fall-adverse-event-example-1</b></p><a name=\"fall-adverse-event-example-1\"> </a><a name=\"hcfall-adverse-event-example-1\"> </a><a name=\"fall-adverse-event-example-1-en-US\"> </a><p><b>actuality</b>: Adverse Event</p><p><b>event</b>: <span title=\"Codes:{http://snomed.info/sct 1912002}\">Fall</span></p><p><b>subject</b>: <a href=\"Patient-bh-patient-example.html\">James Wolff</a></p></div>"
  },
  "actuality" : "actual",
  "event" : {
    "coding" : [{
      "system" : "http://snomed.info/sct",
      "code" : "1912002",
      "display" : "Fall (event)"
    }],
    "text" : "Fall"
  },
  "subject" : {
    "reference" : "Patient/bh-patient-example",
    "display" : "James Wolff"
  }
}