{
  "codeSystems" : [
    {
      "url" : "http://hl7.org/fhir/us/bhp/CodeSystem/bh-funding-type-codes",
      "version" : "1.0.1",
      "status" : "draft",
      "name" : "BehavioralHealthProgramFundingTypeCodes",
      "title" : "Behavioral Health Program Funding Type Codes",
      "description" : null,
      "uses" : {
      },
      "ValueSet-bh-funding-types.html" : "Behavioral Health Program Funding Types"
    },
    {
      "url" : "http://loinc.org",
      "version" : "3.1.0",
      "status" : "active",
      "name" : "LOINC",
      "title" : "Logical Observation Identifiers, Names and Codes (LOINC)",
      "description" : "LOINC provides a set of universal names and ID codes for identifying laboratory and clinical test results.1,2 LOINC facilitates the exchange and pooling of results, such as blood hemoglobin, serum potassium, or vital signs, for clinical care, outcomes management, and research. LOINC's universal identifiers (names and codes) can be used in the context of order and observation exchanges between information systems that use syntax standards such as HL73, CEN TC251, ISO TC215, ASTM4, and DICOM. Specifically, the identifier can be used as the coded value for an observation in any other standard that uses the observation/observation value paradigm, whether messages, documents, application programming interface (API), etc. For example, LOINC codes are used widely in the OBX segment Observation Identifier field (OBX-3) of an ORU HL7 (HL7 version 2.x or ASTM 1238-9410) message that may be sent between a Clinical Laboratory Information Management Systems (LIMS) and Electronic Health Record Systems (EHR).5, 6 In this way, LOINC codes provide universal identifiers that allow the exchange of clinical data between heterogeneous computing environments.",
      "oids" : ["2.16.840.1.113883.6.1"],
      "uses" : {
      },
      "ValueSet-mental-health-clinical-note-types.html" : "Mental Health Clinical Note Types"
    },
    {
      "url" : "https://fhir.health.np/mentalhealth/CodeSystem/ethnic-code-cs",
      "version" : "1.0.1",
      "status" : "active",
      "name" : "EthnicCodeCS",
      "title" : "Ethnic Code",
      "description" : "जाति कोडहरू: दलित, जनजाती, मधेसी, मुस्लिम, ब्राह्मण/क्षेत्री, अन्य",
      "uses" : {
      },
      "ValueSet-ethnic-code-vs.html" : "Ethnic Code ValueSet"
    }
  ]
}
