<?xml version="1.0" encoding="UTF-8"?>

<Condition xmlns="http://hl7.org/fhir">
  <id value="substance-abuse-condition-example-1"/>
  <meta>
    <profile value="http://hl7.org/fhir/us/core/StructureDefinition/us-core-condition-encounter-diagnosis"/>
  </meta>
  <text>
    <status value="generated"/><div xmlns="http://www.w3.org/1999/xhtml"><p class="res-header-id"><b>Generated Narrative: Condition substance-abuse-condition-example-1</b></p><a name="substance-abuse-condition-example-1"> </a><a name="hcsubstance-abuse-condition-example-1"> </a><a name="substance-abuse-condition-example-1-en-US"> </a><div style="display: inline-block; background-color: #d9e0e7; padding: 6px; margin: 4px; border: 1px solid #8da1b4; border-radius: 5px; line-height: 60%"><p style="margin-bottom: 0px"/><p style="margin-bottom: 0px">Profile: <code>http://hl7.org/fhir/us/core/StructureDefinition/us-core-condition-encounter-diagnosis</code></p></div><p><b>clinicalStatus</b>: <span title="Codes:{http://terminology.hl7.org/CodeSystem/condition-clinical active}">Active</span></p><p><b>verificationStatus</b>: <span title="Codes:{http://terminology.hl7.org/CodeSystem/condition-ver-status confirmed}">Confirmed</span></p><p><b>category</b>: <span title="Codes:{http://hl7.org/fhir/us/core/CodeSystem/condition-category health-concern}">Health Concern</span></p><p><b>code</b>: <span title="Codes:{http://snomed.info/sct 371422002}">History of Substance Abuse</span></p><p><b>subject</b>: <a href="Patient-bh-patient-example.html">James Wolff</a></p><p><b>onset</b>: 2007-12-14</p><p><b>abatement</b>: 2007-12-14</p><p><b>recordedDate</b>: 2007-12-14 07:15:07-0800</p></div>
  </text>
  <clinicalStatus>
    <coding>
      <system value="http://terminology.hl7.org/CodeSystem/condition-clinical"/>
      <code value="active"/>
      <display value="Active"/>
    </coding>
  </clinicalStatus>
  <verificationStatus>
    <coding>
      <system value="http://terminology.hl7.org/CodeSystem/condition-ver-status"/>
      <version value="4.0.0"/>
      <code value="confirmed"/>
      <display value="Confirmed"/>
    </coding>
    <text value="Confirmed"/>
  </verificationStatus>
  <category>
    <coding>
      <system value="http://hl7.org/fhir/us/core/CodeSystem/condition-category"/>
      <code value="health-concern"/>
      <display value="Health Concern"/>
    </coding>
    <text value="Health Concern"/>
  </category>
  <code>
    <coding>
      <system value="http://snomed.info/sct"/>
      <code value="371422002"/>
      <display value="History of substance abuse (situation)"/>
    </coding>
    <text value="History of Substance Abuse"/>
  </code>
  <subject>
    <reference value="Patient/bh-patient-example"/>
    <display value="James Wolff"/>
  </subject>
  <onsetDateTime value="2007-12-14"/>
  <abatementDateTime value="2007-12-14"/>
  <recordedDate value="2007-12-14T07:15:07-08:00"/>
</Condition>