{
  "resourceType" : "Condition",
  "id" : "diabetes-condition-example-1",
  "meta" : {
    "profile" : ["http://hl7.org/fhir/us/core/ValueSet/us-core-problem-or-health-concern"]
  },
  "text" : {
    "status" : "generated",
    "div" : "<div xmlns=\"http://www.w3.org/1999/xhtml\"><p class=\"res-header-id\"><b>Generated Narrative: Condition diabetes-condition-example-1</b></p><a name=\"diabetes-condition-example-1\"> </a><a name=\"hcdiabetes-condition-example-1\"> </a><a name=\"diabetes-condition-example-1-en-US\"> </a><div style=\"display: inline-block; background-color: #d9e0e7; padding: 6px; margin: 4px; border: 1px solid #8da1b4; border-radius: 5px; line-height: 60%\"><p style=\"margin-bottom: 0px\"/><p style=\"margin-bottom: 0px\">Profile: <code>http://hl7.org/fhir/us/core/ValueSet/us-core-problem-or-health-concern</code></p></div><p><b>clinicalStatus</b>: <span title=\"Codes:{http://terminology.hl7.org/CodeSystem/condition-clinical active}\">Active</span></p><p><b>verificationStatus</b>: <span title=\"Codes:{http://terminology.hl7.org/CodeSystem/condition-ver-status confirmed}\">Confirmed</span></p><p><b>category</b>: <span title=\"Codes:{http://terminology.hl7.org/CodeSystem/condition-category problem-list-item}\">Problem List</span></p><p><b>code</b>: <span title=\"Codes:{http://snomed.info/sct 444110003}, {http://hl7.org/fhir/sid/icd-10-cm E11.9}\">Type 2 Diabetes</span></p><p><b>subject</b>: <a href=\"Patient-bh-patient-example.html\">James Wolff</a></p><p><b>onset</b>: 2020-01-01</p><p><b>abatement</b>: 2023-06-01</p><p><b>recordedDate</b>: 2024-02-01</p></div>"
  },
  "clinicalStatus" : {
    "coding" : [{
      "system" : "http://terminology.hl7.org/CodeSystem/condition-clinical",
      "code" : "active",
      "display" : "Active"
    }]
  },
  "verificationStatus" : {
    "coding" : [{
      "system" : "http://terminology.hl7.org/CodeSystem/condition-ver-status",
      "version" : "4.0.0",
      "code" : "confirmed",
      "display" : "Confirmed"
    }],
    "text" : "Confirmed"
  },
  "category" : [{
    "coding" : [{
      "system" : "http://terminology.hl7.org/CodeSystem/condition-category",
      "code" : "problem-list-item",
      "display" : "Problem List Item"
    }],
    "text" : "Problem List"
  }],
  "code" : {
    "coding" : [{
      "system" : "http://snomed.info/sct",
      "code" : "444110003",
      "display" : "Type II diabetes mellitus well controlled (finding)"
    },
    {
      "system" : "http://hl7.org/fhir/sid/icd-10-cm",
      "code" : "E11.9",
      "display" : "Type 2 diabetes mellitus without complications"
    }],
    "text" : "Type 2 Diabetes"
  },
  "subject" : {
    "reference" : "Patient/bh-patient-example",
    "display" : "James Wolff"
  },
  "onsetDateTime" : "2020-01-01",
  "abatementDateTime" : "2023-06-01",
  "recordedDate" : "2024-02-01"
}