{
  "resourceType" : "Encounter",
  "id" : "pcp-encounter-example-4",
  "meta" : {
    "profile" : ["http://hl7.org/fhir/us/core/StructureDefinition/us-core-encounter"]
  },
  "text" : {
    "status" : "generated",
    "div" : "<div xmlns=\"http://www.w3.org/1999/xhtml\"><p class=\"res-header-id\"><b>Generated Narrative: Encounter pcp-encounter-example-4</b></p><a name=\"pcp-encounter-example-4\"> </a><a name=\"hcpcp-encounter-example-4\"> </a><a name=\"pcp-encounter-example-4-en-US\"> </a><div style=\"display: inline-block; background-color: #d9e0e7; padding: 6px; margin: 4px; border: 1px solid #8da1b4; border-radius: 5px; line-height: 60%\"><p style=\"margin-bottom: 0px\"/><p style=\"margin-bottom: 0px\">Profile: <code>http://hl7.org/fhir/us/core/StructureDefinition/us-core-encounter</code></p></div><p><b>identifier</b>: <code>urn:oid:2.16.840.1.113883.19.5.1.698.8</code>/40005104253\u00a0(use:\u00a0usual,\u00a0)</p><p><b>status</b>: Finished</p><p><b>class</b>: <a href=\"http://terminology.hl7.org/6.3.0/CodeSystem-v3-ActCode.html#v3-ActCode-AMB\">ActCode AMB</a>: ambulatory</p><p><b>type</b>: <span title=\"Codes:{http://snomed.info/sct 737470001}\">Primary care encounter</span></p><p><b>subject</b>: <a href=\"Patient-bh-patient-example.html\">James Wolff</a></p><p><b>period</b>: 2024-02-15 12:02:00-0500 --&gt; 2024-02-15 12:32:00-0500</p></div>"
  },
  "identifier" : [{
    "use" : "usual",
    "system" : "urn:oid:2.16.840.1.113883.19.5.1.698.8",
    "value" : "40005104253"
  }],
  "status" : "finished",
  "class" : {
    "system" : "http://terminology.hl7.org/CodeSystem/v3-ActCode",
    "code" : "AMB",
    "display" : "ambulatory"
  },
  "type" : [{
    "coding" : [{
      "system" : "http://snomed.info/sct",
      "code" : "737470001",
      "display" : "Primary care management (procedure)"
    }],
    "text" : "Primary care encounter"
  }],
  "subject" : {
    "reference" : "Patient/bh-patient-example",
    "display" : "James Wolff"
  },
  "period" : {
    "start" : "2024-02-15T12:02:00-05:00",
    "end" : "2024-02-15T12:32:00-05:00"
  }
}