{
  "resourceType" : "Encounter",
  "id" : "discharge-encounter-example-3",
  "meta" : {
    "profile" : ["http://hl7.org/fhir/us/core/StructureDefinition/us-core-encounter"]
  },
  "text" : {
    "status" : "generated",
    "div" : "<div xmlns=\"http://www.w3.org/1999/xhtml\"><p class=\"res-header-id\"><b>Generated Narrative: Encounter discharge-encounter-example-3</b></p><a name=\"discharge-encounter-example-3\"> </a><a name=\"hcdischarge-encounter-example-3\"> </a><a name=\"discharge-encounter-example-3-en-US\"> </a><div style=\"display: inline-block; background-color: #d9e0e7; padding: 6px; margin: 4px; border: 1px solid #8da1b4; border-radius: 5px; line-height: 60%\"><p style=\"margin-bottom: 0px\"/><p style=\"margin-bottom: 0px\">Profile: <code>http://hl7.org/fhir/us/core/StructureDefinition/us-core-encounter</code></p></div><p><b>identifier</b>: <code>urn:oid:2.16.840.1.113883.19.5.1.698.8</code>/40005104253\u00a0(use:\u00a0usual,\u00a0)</p><p><b>status</b>: Finished</p><p><b>class</b>: <a href=\"http://terminology.hl7.org/6.3.0/CodeSystem-v3-ActCode.html#v3-ActCode-OBSENC\">ActCode OBSENC</a>: observation encounter</p><p><b>type</b>: <span title=\"Codes:{http://snomed.info/sct 448951000124107}\">Observation bed</span></p><p><b>subject</b>: <a href=\"Patient-bh-patient-example.html\">James Wolff</a></p><p><b>period</b>: 2024-02-01 16:02:00-0500 --&gt; 2024-02-02 12:00:00-0500</p><blockquote><p><b>diagnosis</b></p><p><b>condition</b>: <a href=\"Condition-panic-attack-condition-example-1.html\">Panic Attack</a></p><p><b>rank</b>: 1</p></blockquote><blockquote><p><b>diagnosis</b></p><p><b>condition</b>: <a href=\"Condition-chest-pain-condition-example-1.html\">Chest Pain</a></p><p><b>rank</b>: 2</p></blockquote><blockquote><p><b>diagnosis</b></p><p><b>condition</b>: <a href=\"Condition-diabetes-condition-example-1.html\">Diabetes (II)</a></p><p><b>rank</b>: 3</p></blockquote><h3>Hospitalizations</h3><table class=\"grid\"><tr><td style=\"display: none\">-</td><td><b>DischargeDisposition</b></td></tr><tr><td style=\"display: none\">*</td><td><span title=\"Codes:{https://www.nubc.org/CodeSystem/PatDischargeStatus 01}\">Discharged to Home</span></td></tr></table><blockquote><p><b>location</b></p><p><b>location</b>: <a href=\"Location-ed-location-example-1.html\">Emergency Dept.</a></p><p><b>physicalType</b>: <span title=\"Codes:{http://terminology.hl7.org/CodeSystem/location-physical-type wa}\">Ward</span></p><p><b>period</b>: 2024-02-01 16:02:00-0500 --&gt; 2024-02-01 22:02:00-0500</p></blockquote><blockquote><p><b>location</b></p><p><b>location</b>: <a href=\"Location-obs-location-example-1.html\">Hospital bed - OBSERVATION</a></p><p><b>physicalType</b>: <span title=\"Codes:{http://terminology.hl7.org/CodeSystem/location-physical-type wa}\">Ward</span></p><p><b>period</b>: 2024-02-01 16:02:00-0500 --&gt; 2024-02-01 22:00:00-0500</p></blockquote></div>"
  },
  "identifier" : [{
    "use" : "usual",
    "system" : "urn:oid:2.16.840.1.113883.19.5.1.698.8",
    "value" : "40005104253"
  }],
  "status" : "finished",
  "class" : {
    "system" : "http://terminology.hl7.org/CodeSystem/v3-ActCode",
    "code" : "OBSENC",
    "display" : "observation encounter"
  },
  "type" : [{
    "coding" : [{
      "system" : "http://snomed.info/sct",
      "code" : "448951000124107",
      "display" : "Admission to observation unit (procedure)"
    }],
    "text" : "Observation bed"
  }],
  "subject" : {
    "reference" : "Patient/bh-patient-example",
    "display" : "James Wolff"
  },
  "period" : {
    "start" : "2024-02-01T16:02:00-05:00",
    "end" : "2024-02-02T12:00:00-05:00"
  },
  "diagnosis" : [{
    "condition" : {
      "reference" : "Condition/panic-attack-condition-example-1",
      "display" : "Panic Attack"
    },
    "rank" : 1
  },
  {
    "condition" : {
      "reference" : "Condition/chest-pain-condition-example-1",
      "display" : "Chest Pain"
    },
    "rank" : 2
  },
  {
    "condition" : {
      "reference" : "Condition/diabetes-condition-example-1",
      "display" : "Diabetes (II)"
    },
    "rank" : 3
  }],
  "hospitalization" : {
    "dischargeDisposition" : {
      "coding" : [{
        "system" : "https://www.nubc.org/CodeSystem/PatDischargeStatus",
        "code" : "01",
        "display" : "Discharge to home or self-care (routine discharge)"
      }],
      "text" : "Discharged to Home"
    }
  },
  "location" : [{
    "location" : {
      "reference" : "Location/ed-location-example-1",
      "display" : "Emergency Dept."
    },
    "physicalType" : {
      "coding" : [{
        "system" : "http://terminology.hl7.org/CodeSystem/location-physical-type",
        "code" : "wa",
        "display" : "Ward"
      }]
    },
    "period" : {
      "start" : "2024-02-01T16:02:00-05:00",
      "end" : "2024-02-01T22:02:00-05:00"
    }
  },
  {
    "location" : {
      "reference" : "Location/obs-location-example-1",
      "display" : "Hospital bed - OBSERVATION"
    },
    "physicalType" : {
      "coding" : [{
        "system" : "http://terminology.hl7.org/CodeSystem/location-physical-type",
        "code" : "wa",
        "display" : "Ward"
      }]
    },
    "period" : {
      "start" : "2024-02-01T16:02:00-05:00",
      "end" : "2024-02-01T22:00:00-05:00"
    }
  }]
}