{
  "resourceType" : "Bundle",
  "id" : "767cd099-5935-460e-8e20-1ea7a1b3c932",
  "meta" : {
    "lastUpdated" : "2025-05-20T11:39:13.394+05:45"
  },
  "type" : "collection",
  "entry" : [{
    "fullUrl" : "https://fhir.health.np/mentalhealth/ValueSet/ethnic-code-vs",
    "resource" : {
      "resourceType" : "ValueSet",
      "text" : {
        "status" : "generated",
        "div" : "<div xmlns=\"http://www.w3.org/1999/xhtml\"><p class=\"res-header-id\"><b>ValueSet </b></p><p style=\"border: black 1px dotted; background-color: #EEEEEE; padding: 8px; margin-bottom: 8px\">Expansion performed internally based on <a href=\"CodeSystem-ethnic-code-cs.html\">codesystem Ethnic Code v1.0.1 (CodeSystem)</a></p><p>This value set contains 6 concepts</p><table class=\"codes\"><tr><td style=\"white-space:nowrap\"><b>Code</b></td><td><b>System</b></td><td><b>Display (en-US)</b></td></tr><tr><td style=\"white-space:nowrap\"><a name=\"x-https://fhir.health.np/mentalhealth/CodeSystem/ethnic-code-cs-1\"> </a>\u00a0\u00a0<a href=\"CodeSystem-ethnic-code-cs.html#ethnic-code-cs-1\">1</a></td><td>https://fhir.health.np/mentalhealth/CodeSystem/ethnic-code-cs</td><td>1 दलित (१)</td></tr><tr><td style=\"white-space:nowrap\"><a name=\"x-https://fhir.health.np/mentalhealth/CodeSystem/ethnic-code-cs-2\"> </a>\u00a0\u00a0<a href=\"CodeSystem-ethnic-code-cs.html#ethnic-code-cs-2\">2</a></td><td>https://fhir.health.np/mentalhealth/CodeSystem/ethnic-code-cs</td><td>2 जनजाती (२)</td></tr><tr><td style=\"white-space:nowrap\"><a name=\"x-https://fhir.health.np/mentalhealth/CodeSystem/ethnic-code-cs-3\"> </a>\u00a0\u00a0<a href=\"CodeSystem-ethnic-code-cs.html#ethnic-code-cs-3\">3</a></td><td>https://fhir.health.np/mentalhealth/CodeSystem/ethnic-code-cs</td><td>3 मधेसी (३)</td></tr><tr><td style=\"white-space:nowrap\"><a name=\"x-https://fhir.health.np/mentalhealth/CodeSystem/ethnic-code-cs-4\"> </a>\u00a0\u00a0<a href=\"CodeSystem-ethnic-code-cs.html#ethnic-code-cs-4\">4</a></td><td>https://fhir.health.np/mentalhealth/CodeSystem/ethnic-code-cs</td><td>4 मुस्लिम (४)</td></tr><tr><td style=\"white-space:nowrap\"><a name=\"x-https://fhir.health.np/mentalhealth/CodeSystem/ethnic-code-cs-5\"> </a>\u00a0\u00a0<a href=\"CodeSystem-ethnic-code-cs.html#ethnic-code-cs-5\">5</a></td><td>https://fhir.health.np/mentalhealth/CodeSystem/ethnic-code-cs</td><td>5 ब्राह्मण/क्षेत्री (५)</td></tr><tr><td style=\"white-space:nowrap\"><a name=\"x-https://fhir.health.np/mentalhealth/CodeSystem/ethnic-code-cs-6\"> </a>\u00a0\u00a0<a href=\"CodeSystem-ethnic-code-cs.html#ethnic-code-cs-6\">6</a></td><td>https://fhir.health.np/mentalhealth/CodeSystem/ethnic-code-cs</td><td>6 अन्य (६)</td></tr></table></div>"
      },
      "url" : "https://fhir.health.np/mentalhealth/ValueSet/ethnic-code-vs",
      "version" : "1.0.1",
      "name" : "EthnicCodeVS",
      "title" : "Ethnic Code ValueSet",
      "status" : "active",
      "date" : "2025-05-20T11:38:44+05:45",
      "jurisdiction" : [{
        "coding" : [{
          "system" : "urn:iso:std:iso:3166",
          "code" : "NP",
          "display" : "Nepal"
        }]
      }],
      "expansion" : {
        "identifier" : "urn:uuid:9596466f-09cb-4384-b693-2c317efe1889",
        "timestamp" : "2025-05-20T11:39:45+05:45",
        "total" : 6,
        "offset" : 0,
        "parameter" : [{
          "name" : "displayLanguage",
          "valueCode" : "en-US"
        },
        {
          "name" : "count",
          "valueInteger" : 1000
        },
        {
          "name" : "offset",
          "valueInteger" : 0
        },
        {
          "name" : "excludeNested",
          "valueBoolean" : false
        },
        {
          "name" : "used-codesystem",
          "valueUri" : "https://fhir.health.np/mentalhealth/CodeSystem/ethnic-code-cs|1.0.1"
        }],
        "contains" : [{
          "system" : "https://fhir.health.np/mentalhealth/CodeSystem/ethnic-code-cs",
          "code" : "1",
          "display" : "1 दलित (१)"
        },
        {
          "system" : "https://fhir.health.np/mentalhealth/CodeSystem/ethnic-code-cs",
          "code" : "2",
          "display" : "2 जनजाती (२)"
        },
        {
          "system" : "https://fhir.health.np/mentalhealth/CodeSystem/ethnic-code-cs",
          "code" : "3",
          "display" : "3 मधेसी (३)"
        },
        {
          "system" : "https://fhir.health.np/mentalhealth/CodeSystem/ethnic-code-cs",
          "code" : "4",
          "display" : "4 मुस्लिम (४)"
        },
        {
          "system" : "https://fhir.health.np/mentalhealth/CodeSystem/ethnic-code-cs",
          "code" : "5",
          "display" : "5 ब्राह्मण/क्षेत्री (५)"
        },
        {
          "system" : "https://fhir.health.np/mentalhealth/CodeSystem/ethnic-code-cs",
          "code" : "6",
          "display" : "6 अन्य (६)"
        }]
      }
    }
  },
  {
    "fullUrl" : "http://example.org/fhir/ValueSet/improvement-status",
    "resource" : {
      "resourceType" : "ValueSet",
      "text" : {
        "status" : "generated",
        "div" : "<div xmlns=\"http://www.w3.org/1999/xhtml\"><p class=\"res-header-id\"><b>ValueSet </b></p><p style=\"border: black 1px dotted; background-color: #EEEEEE; padding: 8px; margin-bottom: 8px\">Expansion performed internally based on <a href=\"CodeSystem-improvement-status.html\">codesystem Mental Health Improvement Status v1.0.1 (CodeSystem)</a></p><p>This value set contains 3 concepts</p><table class=\"codes\"><tr><td style=\"white-space:nowrap\"><b>Code</b></td><td><b>System</b></td><td><b>Display (en-US)</b></td><td><b>Definition</b></td></tr><tr><td style=\"white-space:nowrap\"><a name=\"x-http://example.org/fhir/CodeSystem/improvement-status-improving\"> </a>\u00a0\u00a0<a href=\"CodeSystem-improvement-status.html#improvement-status-improving\">improving</a></td><td>http://example.org/fhir/CodeSystem/improvement-status</td><td>Improving</td><td><div><p>Patient shows improvement.</p>\n</div></td></tr><tr><td style=\"white-space:nowrap\"><a name=\"x-http://example.org/fhir/CodeSystem/improvement-status-stable\"> </a>\u00a0\u00a0<a href=\"CodeSystem-improvement-status.html#improvement-status-stable\">stable</a></td><td>http://example.org/fhir/CodeSystem/improvement-status</td><td>Stable</td><td><div><p>No change in condition.</p>\n</div></td></tr><tr><td style=\"white-space:nowrap\"><a name=\"x-http://example.org/fhir/CodeSystem/improvement-status-worsening\"> </a>\u00a0\u00a0<a href=\"CodeSystem-improvement-status.html#improvement-status-worsening\">worsening</a></td><td>http://example.org/fhir/CodeSystem/improvement-status</td><td>Worsening</td><td><div><p>Patient condition has deteriorated.</p>\n</div></td></tr></table></div>"
      },
      "url" : "http://example.org/fhir/ValueSet/improvement-status",
      "version" : "1.0.1",
      "name" : "ImprovementStatusVS",
      "title" : "Improvement Status ValueSet",
      "status" : "active",
      "date" : "2025-05-20T11:38:44+05:45",
      "jurisdiction" : [{
        "coding" : [{
          "system" : "urn:iso:std:iso:3166",
          "code" : "NP",
          "display" : "Nepal"
        }]
      }],
      "expansion" : {
        "identifier" : "urn:uuid:399745e8-bfa1-4208-bc31-6c8bd8cd359d",
        "timestamp" : "2025-05-20T11:39:45+05:45",
        "total" : 3,
        "offset" : 0,
        "parameter" : [{
          "name" : "displayLanguage",
          "valueCode" : "en-US"
        },
        {
          "name" : "count",
          "valueInteger" : 1000
        },
        {
          "name" : "offset",
          "valueInteger" : 0
        },
        {
          "name" : "excludeNested",
          "valueBoolean" : false
        },
        {
          "name" : "used-codesystem",
          "valueUri" : "http://example.org/fhir/CodeSystem/improvement-status|1.0.1"
        }],
        "contains" : [{
          "system" : "http://example.org/fhir/CodeSystem/improvement-status",
          "code" : "improving",
          "display" : "Improving"
        },
        {
          "system" : "http://example.org/fhir/CodeSystem/improvement-status",
          "code" : "stable",
          "display" : "Stable"
        },
        {
          "system" : "http://example.org/fhir/CodeSystem/improvement-status",
          "code" : "worsening",
          "display" : "Worsening"
        }]
      }
    }
  }]
}