<?xml version="1.0" encoding="UTF-8"?>

<Goal xmlns="http://hl7.org/fhir">
  <id value="food-insecurity-example-1"/>
  <meta>
    <profile value="http://hl7.org/fhir/us/sdoh-clinicalcare/StructureDefinition/SDOHCC-Goal"/>
  </meta>
  <text>
    <status value="generated"/><div xmlns="http://www.w3.org/1999/xhtml"><p class="res-header-id"><b>Generated Narrative: Goal food-insecurity-example-1</b></p><a name="food-insecurity-example-1"> </a><a name="hcfood-insecurity-example-1"> </a><a name="food-insecurity-example-1-en-US"> </a><div style="display: inline-block; background-color: #d9e0e7; padding: 6px; margin: 4px; border: 1px solid #8da1b4; border-radius: 5px; line-height: 60%"><p style="margin-bottom: 0px"/><p style="margin-bottom: 0px">Profile: <code>http://hl7.org/fhir/us/sdoh-clinicalcare/StructureDefinition/SDOHCC-Goal</code></p></div><p><b>lifecycleStatus</b>: Active</p><p><b>achievementStatus</b>: <span title="Codes:{http://terminology.hl7.org/CodeSystem/goal-achievement improving}">Improving</span></p><p><b>category</b>: <span title="Codes:{http://hl7.org/fhir/us/sdoh-clinicalcare/CodeSystem/SDOHCC-CodeSystemTemporaryCodes food-insecurity}">Food Insecurity</span></p><p><b>description</b>: <span title="Codes:{http://snomed.info/sct 1078229009}">Food security</span></p><p><b>subject</b>: <a href="Patient-bh-patient-example.html">James Wolff</a></p><h3>Targets</h3><table class="grid"><tr><td style="display: none">-</td><td><b>Measure</b></td><td><b>Detail[x]</b></td><td><b>Due[x]</b></td></tr><tr><td style="display: none">*</td><td><span title="Codes:{http://loinc.org 88124-3}">Food insecurity risk [HVS]</span></td><td><span title="Codes:{http://loinc.org LA19983-8}">No risk</span></td><td>2025-12-10</td></tr></table><p><b>statusDate</b>: 2024-02-01</p></div>
  </text>
  <lifecycleStatus value="active"/>
  <achievementStatus>
    <coding>
      <system value="http://terminology.hl7.org/CodeSystem/goal-achievement"/>
      <code value="improving"/>
      <display value="Improving"/>
    </coding>
  </achievementStatus>
  <category>
    <coding>
      <system value="http://hl7.org/fhir/us/sdoh-clinicalcare/CodeSystem/SDOHCC-CodeSystemTemporaryCodes"/>
      <code value="food-insecurity"/>
      <display value="Food Insecurity"/>
    </coding>
  </category>
  <description>
    <coding>
      <system value="http://snomed.info/sct"/>
      <code value="1078229009"/>
      <display value="Food security"/>
    </coding>
  </description>
  <subject>
    <reference value="Patient/bh-patient-example"/>
    <display value="James Wolff"/>
  </subject>
  <target>
    <measure>
      <coding>
        <system value="http://loinc.org"/>
        <code value="88124-3"/>
        <display value="Food insecurity risk [HVS]"/>
      </coding>
    </measure>
    <detailCodeableConcept>
      <coding>
        <system value="http://loinc.org"/>
        <code value="LA19983-8"/>
        <display value="No risk"/>
      </coding>
    </detailCodeableConcept>
    <dueDate value="2025-12-10"/>
  </target>
  <statusDate value="2024-02-01"/>
</Goal>