{
  "resourceType" : "Goal",
  "id" : "social-connection-example-1",
  "meta" : {
    "profile" : ["http://hl7.org/fhir/us/sdoh-clinicalcare/StructureDefinition/SDOHCC-Goal"]
  },
  "text" : {
    "status" : "generated",
    "div" : "<div xmlns=\"http://www.w3.org/1999/xhtml\"><p class=\"res-header-id\"><b>Generated Narrative: Goal social-connection-example-1</b></p><a name=\"social-connection-example-1\"> </a><a name=\"hcsocial-connection-example-1\"> </a><a name=\"social-connection-example-1-en-US\"> </a><div style=\"display: inline-block; background-color: #d9e0e7; padding: 6px; margin: 4px; border: 1px solid #8da1b4; border-radius: 5px; line-height: 60%\"><p style=\"margin-bottom: 0px\"/><p style=\"margin-bottom: 0px\">Profile: <code>http://hl7.org/fhir/us/sdoh-clinicalcare/StructureDefinition/SDOHCC-Goal</code></p></div><p><b>lifecycleStatus</b>: Active</p><p><b>achievementStatus</b>: <span title=\"Codes:{http://terminology.hl7.org/CodeSystem/goal-achievement improving}\">Improving</span></p><p><b>description</b>: <span title=\"Codes:{http://snomed.info/sct 1230393005}\">Adequate social participation (finding)</span></p><p><b>subject</b>: <a href=\"Patient-bh-patient-example.html\">James Wolff</a></p><p><b>statusDate</b>: 2024-02-01</p></div>"
  },
  "lifecycleStatus" : "active",
  "achievementStatus" : {
    "coding" : [{
      "system" : "http://terminology.hl7.org/CodeSystem/goal-achievement",
      "code" : "improving",
      "display" : "Improving"
    }]
  },
  "description" : {
    "coding" : [{
      "system" : "http://snomed.info/sct",
      "code" : "1230393005",
      "display" : "Adequate social participation (finding)"
    }]
  },
  "subject" : {
    "reference" : "Patient/bh-patient-example",
    "display" : "James Wolff"
  },
  "statusDate" : "2024-02-01"
}