<?xml version="1.0" encoding="UTF-8"?>

<Location xmlns="http://hl7.org/fhir">
  <id value="ed-location-example-1"/>
  <meta>
    <profile value="http://hl7.org/fhir/us/core/StructureDefinition/us-core-location"/>
  </meta>
  <text>
    <status value="generated"/><div xmlns="http://www.w3.org/1999/xhtml"><p class="res-header-id"><b>Generated Narrative: Location ed-location-example-1</b></p><a name="ed-location-example-1"> </a><a name="hced-location-example-1"> </a><a name="ed-location-example-1-en-US"> </a><div style="display: inline-block; background-color: #d9e0e7; padding: 6px; margin: 4px; border: 1px solid #8da1b4; border-radius: 5px; line-height: 60%"><p style="margin-bottom: 0px"/><p style="margin-bottom: 0px">Profile: <code>http://hl7.org/fhir/us/core/StructureDefinition/us-core-location</code></p></div><p><b>identifier</b>: <code>http://www.acme.org/location</code>/29</p><p><b>status</b>: Active</p><p><b>name</b>: Florida General Hospital - Emergency Department</p><p><b>description</b>: Florida General Hospital - Emergency Department</p><p><b>type</b>: <span title="Codes:{http://terminology.hl7.org/CodeSystem/v3-RoleCode ER}">Emergency room</span></p><p><b>telecom</b>: ph: (+1) 734-677-7777</p><p><b>address</b>: 1234 Beach Street Miami FL 33101 USA </p></div>
  </text>
  <identifier>
    <system value="http://www.acme.org/location"/>
    <value value="29"/>
  </identifier>
  <status value="active"/>
  <name value="Florida General Hospital - Emergency Department"/>
  <description value="Florida General Hospital - Emergency Department"/>
  <type>
    <coding>
      <system value="http://terminology.hl7.org/CodeSystem/v3-RoleCode"/>
      <code value="ER"/>
      <display value="Emergency room"/>
    </coding>
    <text value="Emergency room"/>
  </type>
  <telecom>
    <system value="phone"/>
    <value value="(+1) 734-677-7777"/>
  </telecom>
  <address>
    <line value="1234 Beach Street"/>
    <city value="Miami"/>
    <state value="FL"/>
    <postalCode value="33101"/>
    <country value="USA"/>
  </address>
</Location>