{
  "resourceType" : "Location",
  "id" : "obs-location-example-1",
  "meta" : {
    "profile" : ["http://hl7.org/fhir/us/core/StructureDefinition/us-core-location"]
  },
  "text" : {
    "status" : "generated",
    "div" : "<div xmlns=\"http://www.w3.org/1999/xhtml\"><p class=\"res-header-id\"><b>Generated Narrative: Location obs-location-example-1</b></p><a name=\"obs-location-example-1\"> </a><a name=\"hcobs-location-example-1\"> </a><a name=\"obs-location-example-1-en-US\"> </a><div style=\"display: inline-block; background-color: #d9e0e7; padding: 6px; margin: 4px; border: 1px solid #8da1b4; border-radius: 5px; line-height: 60%\"><p style=\"margin-bottom: 0px\"/><p style=\"margin-bottom: 0px\">Profile: <code>http://hl7.org/fhir/us/core/StructureDefinition/us-core-location</code></p></div><p><b>identifier</b>: <code>http://www.acme.org/location</code>/30</p><p><b>status</b>: Active</p><p><b>name</b>: Florida General Hospital - Observation</p><p><b>description</b>: Florida General Hospital - Observation bed</p><p><b>type</b>: <span title=\"Codes:{http://terminology.hl7.org/CodeSystem/v3-RoleCode HOSP}\">Hospital bed</span></p><p><b>telecom</b>: ph: (+1) 734-677-8888</p><p><b>address</b>: 1234 Beach Street Miami FL 33101 USA </p></div>"
  },
  "identifier" : [{
    "system" : "http://www.acme.org/location",
    "value" : "30"
  }],
  "status" : "active",
  "name" : "Florida General Hospital - Observation",
  "description" : "Florida General Hospital - Observation bed",
  "type" : [{
    "coding" : [{
      "system" : "http://terminology.hl7.org/CodeSystem/v3-RoleCode",
      "code" : "HOSP",
      "display" : "Hospital"
    }],
    "text" : "Hospital bed"
  }],
  "telecom" : [{
    "system" : "phone",
    "value" : "(+1) 734-677-8888"
  }],
  "address" : {
    "line" : ["1234 Beach Street"],
    "city" : "Miami",
    "state" : "FL",
    "postalCode" : "33101",
    "country" : "USA"
  }
}