<?xml version="1.0" encoding="UTF-8"?>

<MedicationRequest xmlns="http://hl7.org/fhir">
  <id value="benzo-order-example-1"/>
  <meta>
    <profile value="http://hl7.org/fhir/us/core/StructureDefinition/us-core-medicationrequest"/>
  </meta>
  <text>
    <status value="generated"/><div xmlns="http://www.w3.org/1999/xhtml"><p class="res-header-id"><b>Generated Narrative: MedicationRequest benzo-order-example-1</b></p><a name="benzo-order-example-1"> </a><a name="hcbenzo-order-example-1"> </a><a name="benzo-order-example-1-en-US"> </a><div style="display: inline-block; background-color: #d9e0e7; padding: 6px; margin: 4px; border: 1px solid #8da1b4; border-radius: 5px; line-height: 60%"><p style="margin-bottom: 0px"/><p style="margin-bottom: 0px">Profile: <code>http://hl7.org/fhir/us/core/StructureDefinition/us-core-medicationrequest</code></p></div><p><b>identifier</b>: <code>urn:oid:2.16.840.1.113883.19.5.1.798</code>/101888811 (use: usual, )</p><p><b>status</b>: Completed</p><p><b>intent</b>: Order</p><p><b>medication</b>: <a href="Medication-benzo-medication-example-1.html">lorazepam 0.5 MG Oral Tablet [Ativan]</a></p><p><b>subject</b>: <a href="Patient-bh-patient-example.html">James Wolff</a></p><p><b>encounter</b>: <a href="Encounter-ed-encounter-example-1.html">Emergency Department</a></p><p><b>requester</b>: <a href="Practitioner-ed-physician-example-1.html">Practitioner Wise Owl </a></p><h3>DosageInstructions</h3><table class="grid"><tr><td style="display: none">-</td><td><b>Text</b></td></tr><tr><td style="display: none">*</td><td>every 8 hours as needed</td></tr></table></div>
  </text>
  <identifier>
    <use value="usual"/>
    <system value="urn:oid:2.16.840.1.113883.19.5.1.798"/>
    <value value="101888811"/>
  </identifier>
  <status value="completed"/>
  <intent value="order"/>
  <medicationReference>
    <reference value="Medication/benzo-medication-example-1"/>
    <display value="lorazepam 0.5 MG Oral Tablet [Ativan]"/>
  </medicationReference>
  <subject>
    <reference value="Patient/bh-patient-example"/>
    <display value="James Wolff"/>
  </subject>
  <encounter>
    <reference value="Encounter/ed-encounter-example-1"/>
    <display value="Emergency Department"/>
  </encounter>
  <requester>
    <reference value="Practitioner/ed-physician-example-1"/>
  </requester>
  <dosageInstruction>
    <text value="every 8 hours as needed"/>
  </dosageInstruction>
</MedicationRequest>