<?xml version="1.0" encoding="UTF-8"?>

<MedicationRequest xmlns="http://hl7.org/fhir">
  <id value="ativan-discharge-med-example-1"/>
  <meta>
    <profile value="http://hl7.org/fhir/us/core/StructureDefinition/us-core-medicationrequest"/>
  </meta>
  <text>
    <status value="generated"/><div xmlns="http://www.w3.org/1999/xhtml"><p class="res-header-id"><b>Generated Narrative: MedicationRequest ativan-discharge-med-example-1</b></p><a name="ativan-discharge-med-example-1"> </a><a name="hcativan-discharge-med-example-1"> </a><a name="ativan-discharge-med-example-1-en-US"> </a><div style="display: inline-block; background-color: #d9e0e7; padding: 6px; margin: 4px; border: 1px solid #8da1b4; border-radius: 5px; line-height: 60%"><p style="margin-bottom: 0px"/><p style="margin-bottom: 0px">Profile: <code>http://hl7.org/fhir/us/core/StructureDefinition/us-core-medicationrequest</code></p></div><p><b>status</b>: Completed</p><p><b>intent</b>: Order</p><p><b>category</b>: <span title="Codes:{http://terminology.hl7.org/CodeSystem/medicationrequest-category discharge}">Discharge</span></p><p><b>medication</b>: <span title="Codes:{http://www.nlm.nih.gov/research/umls/rxnorm 197900}">lorazepam 0.5 MG Oral Tablet</span></p><p><b>subject</b>: <a href="Patient-bh-patient-example.html">James Wolff</a></p><p><b>encounter</b>: <a href="Encounter-ed-encounter-example-1.html">Emergency Department</a></p><p><b>requester</b>: <a href="Practitioner-ed-physician-example-1.html">Practitioner Wise Owl </a></p></div>
  </text>
  <status value="completed"/>
  <intent value="order"/>
  <category>
    <coding>
      <system value="http://terminology.hl7.org/CodeSystem/medicationrequest-category"/>
      <code value="discharge"/>
      <display value="Discharge"/>
    </coding>
  </category>
  <medicationCodeableConcept>
    <coding>
      <system value="http://www.nlm.nih.gov/research/umls/rxnorm"/>
      <code value="197900"/>
      <display value="lorazepam 0.5 MG Oral Tablet"/>
    </coding>
  </medicationCodeableConcept>
  <subject>
    <reference value="Patient/bh-patient-example"/>
    <display value="James Wolff"/>
  </subject>
  <encounter>
    <reference value="Encounter/ed-encounter-example-1"/>
    <display value="Emergency Department"/>
  </encounter>
  <requester>
    <reference value="Practitioner/ed-physician-example-1"/>
  </requester>
</MedicationRequest>