<?xml version="1.0" encoding="UTF-8"?>

<Observation xmlns="http://hl7.org/fhir">
  <id value="usual-work-example-1"/>
  <meta>
    <profile value="http://hl7.org/fhir/us/core/StructureDefinition/us-core-observation-occupation"/>
  </meta>
  <text>
    <status value="generated"/><div xmlns="http://www.w3.org/1999/xhtml"><p class="res-header-id"><b>Generated Narrative: Observation usual-work-example-1</b></p><a name="usual-work-example-1"> </a><a name="hcusual-work-example-1"> </a><a name="usual-work-example-1-en-US"> </a><div style="display: inline-block; background-color: #d9e0e7; padding: 6px; margin: 4px; border: 1px solid #8da1b4; border-radius: 5px; line-height: 60%"><p style="margin-bottom: 0px"/><p style="margin-bottom: 0px">Profile: <code>http://hl7.org/fhir/us/core/StructureDefinition/us-core-observation-occupation</code></p></div><p><b>status</b>: Final</p><p><b>code</b>: <span title="Codes:{http://loinc.org 11341-5}">History of Occupation</span></p><p><b>subject</b>: <a href="Patient-bh-patient-example.html">James Wolff</a></p><p><b>value</b>: <span title="Codes:{urn:oid:2.16.840.1.114222.4.5.327 45-2092.02.015820}">Farm Worker [Farmworkers and Laborers, Crop]</span></p></div>
  </text>
  <status value="final"/>
  <code>
    <coding>
      <system value="http://loinc.org"/>
      <code value="11341-5"/>
      <display value="History of Occupation"/>
    </coding>
  </code>
  <subject>
    <reference value="Patient/bh-patient-example"/>
    <display value="James Wolff"/>
  </subject>
  <valueCodeableConcept>
    <coding>
      <system value="urn:oid:2.16.840.1.114222.4.5.327"/>
      <code value="45-2092.02.015820"/>
      <display value="Farm Worker [Farmworkers and Laborers, Crop]"/>
    </coding>
  </valueCodeableConcept>
</Observation>