{
  "resourceType" : "Observation",
  "id" : "hemoglobin-a1c-example-1",
  "meta" : {
    "profile" : ["http://hl7.org/fhir/us/core/StructureDefinition/us-core-observation-lab|7.0.0"]
  },
  "text" : {
    "status" : "generated",
    "div" : "<div xmlns=\"http://www.w3.org/1999/xhtml\"><p class=\"res-header-id\"><b>Generated Narrative: Observation hemoglobin-a1c-example-1</b></p><a name=\"hemoglobin-a1c-example-1\"> </a><a name=\"hchemoglobin-a1c-example-1\"> </a><a name=\"hemoglobin-a1c-example-1-en-US\"> </a><div style=\"display: inline-block; background-color: #d9e0e7; padding: 6px; margin: 4px; border: 1px solid #8da1b4; border-radius: 5px; line-height: 60%\"><p style=\"margin-bottom: 0px\"/><p style=\"margin-bottom: 0px\">Profile: <code>http://hl7.org/fhir/us/core/StructureDefinition/us-core-observation-lab|7.0.0</code></p></div><p><b>status</b>: Final</p><p><b>category</b>: <span title=\"Codes:{http://terminology.hl7.org/CodeSystem/observation-category laboratory}\">Laboratory</span></p><p><b>code</b>: <span title=\"Codes:{http://loinc.org 4548-4}\">Hemoglobin A1c/Hemoglobin.total in Blood </span></p><p><b>subject</b>: <a href=\"Patient-bh-patient-example.html\">James Wolff</a></p><p><b>effective</b>: 2024-02-05</p><p><b>value</b>: 6.9 %<span style=\"background: LightGoldenRodYellow\"> (Details: UCUM  code% = '%')</span></p><p><b>interpretation</b>: <span title=\"Codes:{http://terminology.hl7.org/CodeSystem/v3-ObservationInterpretation H}\">High</span></p></div>"
  },
  "status" : "final",
  "category" : [{
    "coding" : [{
      "system" : "http://terminology.hl7.org/CodeSystem/observation-category",
      "code" : "laboratory",
      "display" : "Laboratory"
    }],
    "text" : "Laboratory"
  }],
  "code" : {
    "coding" : [{
      "system" : "http://loinc.org",
      "code" : "4548-4",
      "display" : "Hemoglobin A1c/Hemoglobin.total in Blood "
    }],
    "text" : "Hemoglobin A1c/Hemoglobin.total in Blood "
  },
  "subject" : {
    "reference" : "Patient/bh-patient-example",
    "display" : "James Wolff"
  },
  "effectiveDateTime" : "2024-02-05",
  "valueQuantity" : {
    "value" : 6.9,
    "unit" : "%",
    "system" : "http://unitsofmeasure.org",
    "code" : "%"
  },
  "interpretation" : [{
    "coding" : [{
      "system" : "http://terminology.hl7.org/CodeSystem/v3-ObservationInterpretation",
      "code" : "H",
      "display" : "High"
    }],
    "text" : "High"
  }]
}