{
  "resourceType" : "Observation",
  "id" : "usual-work-example-1",
  "meta" : {
    "profile" : ["http://hl7.org/fhir/us/core/StructureDefinition/us-core-observation-occupation"]
  },
  "text" : {
    "status" : "generated",
    "div" : "<div xmlns=\"http://www.w3.org/1999/xhtml\"><p class=\"res-header-id\"><b>Generated Narrative: Observation usual-work-example-1</b></p><a name=\"usual-work-example-1\"> </a><a name=\"hcusual-work-example-1\"> </a><a name=\"usual-work-example-1-en-US\"> </a><div style=\"display: inline-block; background-color: #d9e0e7; padding: 6px; margin: 4px; border: 1px solid #8da1b4; border-radius: 5px; line-height: 60%\"><p style=\"margin-bottom: 0px\"/><p style=\"margin-bottom: 0px\">Profile: <code>http://hl7.org/fhir/us/core/StructureDefinition/us-core-observation-occupation</code></p></div><p><b>status</b>: Final</p><p><b>code</b>: <span title=\"Codes:{http://loinc.org 11341-5}\">History of Occupation</span></p><p><b>subject</b>: <a href=\"Patient-bh-patient-example.html\">James Wolff</a></p><p><b>value</b>: <span title=\"Codes:{urn:oid:2.16.840.1.114222.4.5.327 45-2092.02.015820}\">Farm Worker [Farmworkers and Laborers, Crop]</span></p></div>"
  },
  "status" : "final",
  "code" : {
    "coding" : [{
      "system" : "http://loinc.org",
      "code" : "11341-5",
      "display" : "History of Occupation"
    }]
  },
  "subject" : {
    "reference" : "Patient/bh-patient-example",
    "display" : "James Wolff"
  },
  "valueCodeableConcept" : {
    "coding" : [{
      "system" : "urn:oid:2.16.840.1.114222.4.5.327",
      "code" : "45-2092.02.015820",
      "display" : "Farm Worker [Farmworkers and Laborers, Crop]"
    }]
  }
}