{
  "resourceType" : "Observation",
  "id" : "respiratory-rate-example-1",
  "meta" : {
    "profile" : ["http://hl7.org/fhir/us/core/StructureDefinition/us-core-respiratory-rate|7.0.0"]
  },
  "text" : {
    "status" : "generated",
    "div" : "<div xmlns=\"http://www.w3.org/1999/xhtml\"><p class=\"res-header-id\"><b>Generated Narrative: Observation respiratory-rate-example-1</b></p><a name=\"respiratory-rate-example-1\"> </a><a name=\"hcrespiratory-rate-example-1\"> </a><a name=\"respiratory-rate-example-1-en-US\"> </a><div style=\"display: inline-block; background-color: #d9e0e7; padding: 6px; margin: 4px; border: 1px solid #8da1b4; border-radius: 5px; line-height: 60%\"><p style=\"margin-bottom: 0px\"/><p style=\"margin-bottom: 0px\">Profile: <code>http://hl7.org/fhir/us/core/StructureDefinition/us-core-respiratory-rate|7.0.0</code></p></div><p><b>status</b>: Final</p><p><b>category</b>: <span title=\"Codes:{http://terminology.hl7.org/CodeSystem/observation-category vital-signs}\">Vital Signs</span></p><p><b>code</b>: <span title=\"Codes:{http://loinc.org 9279-1}\">respiratory_rate</span></p><p><b>subject</b>: <a href=\"Patient-bh-patient-example.html\">James Wolff</a></p><p><b>effective</b>: 2024-02-01</p><p><b>value</b>: 22 breaths per minute<span style=\"background: LightGoldenRodYellow\"> (Details: UCUM  code/min = '/min')</span></p></div>"
  },
  "status" : "final",
  "category" : [{
    "coding" : [{
      "system" : "http://terminology.hl7.org/CodeSystem/observation-category",
      "code" : "vital-signs",
      "display" : "Vital Signs"
    }],
    "text" : "Vital Signs"
  }],
  "code" : {
    "coding" : [{
      "system" : "http://loinc.org",
      "code" : "9279-1",
      "display" : "Respiratory rate"
    }],
    "text" : "respiratory_rate"
  },
  "subject" : {
    "reference" : "Patient/bh-patient-example",
    "display" : "James Wolff"
  },
  "effectiveDateTime" : "2024-02-01",
  "valueQuantity" : {
    "value" : 22,
    "unit" : "breaths per minute",
    "system" : "http://unitsofmeasure.org",
    "code" : "/min"
  }
}