{
  "resourceType" : "Patient",
  "id" : "bh-patient-example",
  "meta" : {
    "profile" : ["http://hl7.org/fhir/us/core/StructureDefinition/us-core-patient"]
  },
  "text" : {
    "status" : "generated",
    "div" : "<div xmlns=\"http://www.w3.org/1999/xhtml\"><p class=\"res-header-id\"><b>Generated Narrative: Patient bh-patient-example</b></p><a name=\"bh-patient-example\"> </a><a name=\"hcbh-patient-example\"> </a><a name=\"bh-patient-example-en-US\"> </a><div style=\"display: inline-block; background-color: #d9e0e7; padding: 6px; margin: 4px; border: 1px solid #8da1b4; border-radius: 5px; line-height: 60%\"><p style=\"margin-bottom: 0px\"/><p style=\"margin-bottom: 0px\">Profile: <code>http://hl7.org/fhir/us/core/StructureDefinition/us-core-patient</code></p></div><p style=\"border: 1px #661aff solid; background-color: #e6e6ff; padding: 10px;\">James Wolff  Male, DoB: 1961-07-16 ( Medical Record Number:\u00a01032702\u00a0(use:\u00a0usual,\u00a0))</p><hr/><table class=\"grid\"><tr><td style=\"background-color: #f3f5da\" title=\"Record is active\">Active:</td><td>true</td><td style=\"background-color: #f3f5da\" title=\"Known status of Patient\">Deceased:</td><td colspan=\"3\">false</td></tr><tr><td style=\"background-color: #f3f5da\" title=\"Alternate names (see the one above)\">Alt. Name:</td><td colspan=\"3\">Jennifer Wolff (Official)</td></tr><tr><td style=\"background-color: #f3f5da\" title=\"Ways to contact the Patient\">Contact Detail</td><td colspan=\"3\"><ul><li>ph: 555-555-5555(Home)</li><li><a href=\"mailto:james.wolff@example.com\">james.wolff@example.com</a></li><li>49 MEADOW ST MIAMI FL 74047 US (old)</li><li>183 MOUNTAIN VIEW ST MIAMI FL 74048 US </li></ul></td></tr><tr><td style=\"background-color: #f3f5da\" title=\"Language spoken\">Language:</td><td colspan=\"3\"><span title=\"Codes:{urn:ietf:bcp:47 en}\">English</span> (preferred)</td></tr></table></div>"
  },
  "extension" : [{
    "url" : "http://hl7.org/fhir/us/core/StructureDefinition/us-core-race",
    "extension" : [{
      "url" : "ombCategory",
      "valueCoding" : {
        "system" : "urn:oid:2.16.840.1.113883.6.238",
        "code" : "2054-5",
        "display" : "Black or African American"
      }
    },
    {
      "url" : "text",
      "valueString" : "Black or African American"
    }]
  },
  {
    "url" : "http://hl7.org/fhir/us/core/StructureDefinition/us-core-ethnicity",
    "extension" : [{
      "url" : "ombCategory",
      "valueCoding" : {
        "system" : "urn:oid:2.16.840.1.113883.6.238",
        "code" : "2186-5",
        "display" : "Not Hispanic or Latino"
      }
    },
    {
      "url" : "text",
      "valueString" : "Not Hispanic or Latino"
    }]
  },
  {
    "url" : "http://hl7.org/fhir/us/core/StructureDefinition/us-core-birthsex",
    "valueCode" : "M"
  },
  {
    "url" : "http://hl7.org/fhir/us/core/StructureDefinition/us-core-sex",
    "valueCode" : "248153007"
  },
  {
    "url" : "http://hl7.org/fhir/us/military-service/StructureDefinition/military-service-veteran-status",
    "valueBoolean" : true
  },
  {
    "url" : "http://hl7.org/fhir/us/core/StructureDefinition/us-core-tribal-affiliation",
    "valueBoolean" : false
  }],
  "identifier" : [{
    "use" : "usual",
    "type" : {
      "coding" : [{
        "system" : "http://terminology.hl7.org/CodeSystem/v2-0203",
        "code" : "MR",
        "display" : "Medical Record Number"
      }],
      "text" : "Medical Record Number"
    },
    "system" : "http://hospital.smarthealthit.org",
    "value" : "1032702"
  }],
  "active" : true,
  "name" : [{
    "use" : "official",
    "family" : "Wolff",
    "given" : ["Jennifer"]
  },
  {
    "use" : "usual",
    "family" : "Wolff",
    "given" : ["James"],
    "period" : {
      "start" : "2016-07-22"
    }
  }],
  "telecom" : [{
    "system" : "phone",
    "value" : "555-555-5555",
    "use" : "home"
  },
  {
    "system" : "email",
    "value" : "james.wolff@example.com"
  }],
  "gender" : "male",
  "birthDate" : "1961-07-16",
  "deceasedBoolean" : false,
  "address" : [{
    "use" : "old",
    "line" : ["49 MEADOW ST"],
    "city" : "MIAMI",
    "state" : "FL",
    "postalCode" : "74047",
    "country" : "US",
    "period" : {
      "start" : "2016-12-06",
      "end" : "2020-07-22"
    }
  },
  {
    "line" : ["183 MOUNTAIN VIEW ST"],
    "city" : "MIAMI",
    "state" : "FL",
    "postalCode" : "74048",
    "country" : "US",
    "period" : {
      "start" : "2020-07-22"
    }
  }],
  "communication" : [{
    "language" : {
      "coding" : [{
        "system" : "urn:ietf:bcp:47",
        "code" : "en",
        "display" : "English"
      }],
      "text" : "English"
    },
    "preferred" : true
  }]
}