<?xml version="1.0" encoding="UTF-8"?>

<Practitioner xmlns="http://hl7.org/fhir">
  <id value="ed-physician-example-1"/>
  <meta>
    <profile value="http://hl7.org/fhir/us/core/StructureDefinition/us-core-practitioner"/>
  </meta>
  <text>
    <status value="generated"/><div xmlns="http://www.w3.org/1999/xhtml"><p class="res-header-id"><b>Generated Narrative: Practitioner ed-physician-example-1</b></p><a name="ed-physician-example-1"> </a><a name="hced-physician-example-1"> </a><a name="ed-physician-example-1-en-US"> </a><div style="display: inline-block; background-color: #d9e0e7; padding: 6px; margin: 4px; border: 1px solid #8da1b4; border-radius: 5px; line-height: 60%"><p style="margin-bottom: 0px"/><p style="margin-bottom: 0px">Profile: <code>http://hl7.org/fhir/us/core/StructureDefinition/us-core-practitioner</code></p></div><p><b>identifier</b>: <a href="http://terminology.hl7.org/6.3.0/NamingSystem-npi.html" title="National Provider Identifier">United States National Provider Identifier</a>/9941339100, <code>http://ncsbn.org/identifier/example-system</code>/9941339100</p><p><b>name</b>: Wise Owl </p><p><b>telecom</b>: <a href="mailto:Wise.owl@MassGenExample.net">Wise.owl@MassGenExample.net</a></p><p><b>address</b>: 1003 HEALTHCARE DR Miami FL 01002 (work)</p></div>
  </text>
  <identifier>
    <system value="http://hl7.org/fhir/sid/us-npi"/>
    <value value="9941339100"/>
  </identifier>
  <identifier>
    <system value="http://ncsbn.org/identifier/example-system"/>
    <value value="9941339100"/>
  </identifier>
  <name>
    <family value="Owl"/>
    <given value="Wise"/>
    <prefix value="Dr"/>
  </name>
  <telecom>
    <system value="email"/>
    <value value="Wise.owl@MassGenExample.net"/>
    <use value="work"/>
  </telecom>
  <address>
    <use value="work"/>
    <line value="1003 HEALTHCARE DR"/>
    <city value="Miami"/>
    <state value="FL"/>
    <postalCode value="01002"/>
  </address>
</Practitioner>