<?xml version="1.0" encoding="UTF-8"?>

<Procedure xmlns="http://hl7.org/fhir">
  <id value="alcohol-prevetion-education-example-1"/>
  <meta>
    <profile value="http://hl7.org/fhir/us/core/StructureDefinition/us-core-procedure"/>
  </meta>
  <text>
    <status value="generated"/><div xmlns="http://www.w3.org/1999/xhtml"><p class="res-header-id"><b>Generated Narrative: Procedure alcohol-prevetion-education-example-1</b></p><a name="alcohol-prevetion-education-example-1"> </a><a name="hcalcohol-prevetion-education-example-1"> </a><a name="alcohol-prevetion-education-example-1-en-US"> </a><div style="display: inline-block; background-color: #d9e0e7; padding: 6px; margin: 4px; border: 1px solid #8da1b4; border-radius: 5px; line-height: 60%"><p style="margin-bottom: 0px"/><p style="margin-bottom: 0px">Profile: <code>http://hl7.org/fhir/us/core/StructureDefinition/us-core-procedure</code></p></div><p><b>status</b>: Completed</p><p><b>code</b>: <span title="Codes:{http://snomed.info/sct 424407005}">Substance use cessation education, guidance, and counseling (procedure)</span></p><p><b>subject</b>: <a href="Patient-bh-patient-example.html">James Wolff</a></p><p><b>performed</b>: 2024-03-23</p></div>
  </text>
  <status value="completed"/>
  <code>
    <coding>
      <system value="http://snomed.info/sct"/>
      <code value="424407005"/>
      <display value="Substance use cessation education, guidance, and counseling (procedure)"/>
    </coding>
    <text value="Substance use cessation education, guidance, and counseling (procedure)"/>
  </code>
  <subject>
    <reference value="Patient/bh-patient-example"/>
    <display value="James Wolff"/>
  </subject>
  <performedDateTime value="2024-03-23"/>
</Procedure>