<?xml version="1.0" encoding="UTF-8"?>

<RelatedPerson xmlns="http://hl7.org/fhir">
  <id value="adult-child-relatedperson-example-1"/>
  <meta>
    <profile value="http://hl7.org/fhir/us/core/StructureDefinition/us-core-relatedperson|7.0.0"/>
  </meta>
  <text>
    <status value="generated"/><div xmlns="http://www.w3.org/1999/xhtml"><p class="res-header-id"><b>Generated Narrative: RelatedPerson adult-child-relatedperson-example-1</b></p><a name="adult-child-relatedperson-example-1"> </a><a name="hcadult-child-relatedperson-example-1"> </a><a name="adult-child-relatedperson-example-1-en-US"> </a><div style="display: inline-block; background-color: #d9e0e7; padding: 6px; margin: 4px; border: 1px solid #8da1b4; border-radius: 5px; line-height: 60%"><p style="margin-bottom: 0px"/><p style="margin-bottom: 0px">Profile: <code>http://hl7.org/fhir/us/core/StructureDefinition/us-core-relatedperson|7.0.0</code></p></div><p><b>active</b>: true</p><p><b>patient</b>: <a href="Patient-bh-patient-example.html">James Wolff</a></p><p><b>relationship</b>: <span title="Codes:{http://terminology.hl7.org/CodeSystem/v3-RoleCode child}">Adult child</span></p><p><b>name</b>: Sarah Wolff (Official)</p><p><b>telecom</b>: ph: 555-555-5555(Home), <a href="mailto:sarah.wolff@example.com">sarah.wolff@example.com</a></p><p><b>birthDate</b>: 1996-01-28</p><p><b>address</b>: 80A VILLAGE ST NEW HOLLAND PA 17557 (home)</p></div>
  </text>
  <active value="true"/>
  <patient>
    <reference value="Patient/bh-patient-example"/>
    <display value="James Wolff"/>
  </patient>
  <relationship>
    <coding>
      <system value="http://terminology.hl7.org/CodeSystem/v3-RoleCode"/>
      <code value="child"/>
      <display value="Adult child"/>
    </coding>
  </relationship>
  <name>
    <use value="official"/>
    <family value="Wolff"/>
    <given value="Sarah"/>
  </name>
  <telecom>
    <system value="phone"/>
    <value value="555-555-5555"/>
    <use value="home"/>
  </telecom>
  <telecom>
    <system value="email"/>
    <value value="sarah.wolff@example.com"/>
    <use value="home"/>
  </telecom>
  <birthDate value="1996-01-28"/>
  <address>
    <use value="home"/>
    <line value="80A VILLAGE ST"/>
    <city value="NEW HOLLAND"/>
    <state value="PA"/>
    <postalCode value="17557"/>
  </address>
</RelatedPerson>