{
  "package": "mentalhealth.fhir.ig",
  "version": "1.0.1",
  "fhirVersion": "4.0.1",
  "jurisdiction": "NP",
  "extensions": [
    {
      "url": "https://fhir.health.np/mentalhealth/StructureDefinition/ethnic-code",
      "title": "Ethnic Code",
      "types": [
        "Coding"
      ]
    }
  ],
  "profiles": {
    "Observation": [
      {
        "url": "https://fhir.health.np/mentalhealth/StructureDefinition/MentalHealthTreatmentFollowupStatus",
        "title": "Mental Health Treatment Follow-up Status"
      }
    ],
    "ServiceRequest": [
      {
        "url": "https://fhir.health.np/mentalhealth/StructureDefinition/MentalHealthReferralRequest",
        "title": "Mental Health Referral Request"
      }
    ],
    "Condition": [
      {
        "url": "https://fhir.health.np/mentalhealth/StructureDefinition/mental-health-condition",
        "title": "Primary Diagnosis Condition with any ICD-11 Mental Health Code"
      }
    ],
    "Patient": [
      {
        "url": "https://fhir.health.np/mentalhealth/StructureDefinition/mental-patient",
        "title": "Mental Health Patient"
      }
    ]
  },
  "usage": {
    "http://hl7.org/fhir/StructureDefinition/elementdefinition-bestpractice": [
      "StructureDefinition.snapshot.element.constraint"
    ],
    "http://hl7.org/fhir/StructureDefinition/elementdefinition-bestpractice-explanation": [
      "StructureDefinition.snapshot.element.constraint"
    ],
    "http://hl7.org/fhir/StructureDefinition/elementdefinition-bindingName": [
      "StructureDefinition.snapshot.element.binding"
    ],
    "http://hl7.org/fhir/StructureDefinition/elementdefinition-maxValueSet": [
      "StructureDefinition.snapshot.element.binding"
    ],
    "http://hl7.org/fhir/StructureDefinition/elementdefinition-translatable": [
      "StructureDefinition.snapshot.element"
    ],
    "http://hl7.org/fhir/StructureDefinition/structuredefinition-display-hint": [
      "StructureDefinition.snapshot.element"
    ],
    "http://hl7.org/fhir/StructureDefinition/structuredefinition-fhir-type": [
      "StructureDefinition.snapshot.element.type"
    ],
    "http://hl7.org/fhir/StructureDefinition/structuredefinition-hierarchy": [
      "StructureDefinition.snapshot.element.type"
    ],
    "http://hl7.org/fhir/tools/StructureDefinition/ig-internal-dependency": [
      "ImplementationGuide.definition"
    ],
    "http://hl7.org/fhir/tools/StructureDefinition/ig-page-name": [
      "ImplementationGuide.definition.page",
      "ImplementationGuide.definition.page.page"
    ],
    "http://hl7.org/fhir/tools/StructureDefinition/ig-parameter": [
      "ImplementationGuide.definition"
    ],
    "http://hl7.org/fhir/tools/StructureDefinition/implementationguide-dependency-comment": [
      "ImplementationGuide.dependsOn"
    ],
    "http://hl7.org/fhir/tools/StructureDefinition/resource-information": [
      "ImplementationGuide.definition.resource"
    ],
    "http://hl7.org/fhir/tools/StructureDefinition/snapshot-base-version": [
      "StructureDefinition.snapshot"
    ],
    "https://fhir.health.np/mentalhealth/StructureDefinition/ethnic-code": [
      "Patient"
    ]
  }
}