{
  "package": "mentalhealth.fhir.ig",
  "version": "1.0.1",
  "fhirVersion": "4.0.1",
  "jurisdiction": "NP",
  "extensions": [
    {
      "url": "http://hl7.org/fhir/us/bhp/StructureDefinition/program-info",
      "title": "Grant Program ID and Number",
      "types": [
        "string",
        "string",
        "base64Binary",
        "boolean",
        "canonical",
        "code",
        "date",
        "dateTime",
        "decimal",
        "id",
        "instant",
        "integer",
        "markdown",
        "oid",
        "positiveInt",
        "string",
        "time",
        "unsignedInt",
        "uri",
        "url",
        "uuid",
        "Address",
        "Age",
        "Annotation",
        "Attachment",
        "CodeableConcept",
        "Coding",
        "ContactPoint",
        "Count",
        "Distance",
        "Duration",
        "HumanName",
        "Identifier",
        "Money",
        "Period",
        "Quantity",
        "Range",
        "Ratio",
        "Reference",
        "SampledData",
        "Signature",
        "Timing",
        "ContactDetail",
        "Contributor",
        "DataRequirement",
        "Expression",
        "ParameterDefinition",
        "RelatedArtifact",
        "TriggerDefinition",
        "UsageContext",
        "Dosage",
        "Meta"
      ]
    },
    {
      "url": "https://fhir.health.np/mentalhealth/StructureDefinition/ethnic-code",
      "title": "Ethnic Code",
      "types": [
        "Coding"
      ]
    }
  ],
  "profiles": {
    "Condition": [
      {
        "url": "https://fhir.health.np/mentalhealth/StructureDefinition/mental-health-condition",
        "title": "Primary Diagnosis Condition with any ICD-11 Mental Health Code"
      }
    ],
    "ServiceRequest": [
      {
        "url": "https://fhir.health.np/mentalhealth/StructureDefinition/mental-health-referral",
        "title": "Mental Health Referral"
      }
    ],
    "Patient": [
      {
        "url": "https://fhir.health.np/mentalhealth/StructureDefinition/mental-patient",
        "title": "Mental Health Patient"
      }
    ]
  },
  "usage": {
    "http://hl7.org/fhir/StructureDefinition/display": [
      "QuestionnaireResponse.questionnaire"
    ],
    "http://hl7.org/fhir/StructureDefinition/elementdefinition-bestpractice": [
      "StructureDefinition.snapshot.element.constraint"
    ],
    "http://hl7.org/fhir/StructureDefinition/elementdefinition-bestpractice-explanation": [
      "StructureDefinition.snapshot.element.constraint"
    ],
    "http://hl7.org/fhir/StructureDefinition/elementdefinition-bindingName": [
      "StructureDefinition.snapshot.element.binding"
    ],
    "http://hl7.org/fhir/StructureDefinition/elementdefinition-maxValueSet": [
      "StructureDefinition.snapshot.element.binding"
    ],
    "http://hl7.org/fhir/StructureDefinition/elementdefinition-translatable": [
      "StructureDefinition.snapshot.element"
    ],
    "http://hl7.org/fhir/StructureDefinition/structuredefinition-fhir-type": [
      "StructureDefinition.snapshot.element.type"
    ],
    "http://hl7.org/fhir/StructureDefinition/structuredefinition-hierarchy": [
      "StructureDefinition.snapshot.element.type"
    ],
    "http://hl7.org/fhir/tools/StructureDefinition/ig-internal-dependency": [
      "ImplementationGuide.definition"
    ],
    "http://hl7.org/fhir/tools/StructureDefinition/ig-page-name": [
      "ImplementationGuide.definition.page",
      "ImplementationGuide.definition.page.page"
    ],
    "http://hl7.org/fhir/tools/StructureDefinition/ig-parameter": [
      "ImplementationGuide.definition"
    ],
    "http://hl7.org/fhir/tools/StructureDefinition/implementationguide-dependency-comment": [
      "ImplementationGuide.dependsOn"
    ],
    "http://hl7.org/fhir/tools/StructureDefinition/resource-information": [
      "ImplementationGuide.definition.resource"
    ],
    "http://hl7.org/fhir/tools/StructureDefinition/snapshot-base-version": [
      "StructureDefinition.snapshot"
    ],
    "http://hl7.org/fhir/us/bhp/StructureDefinition/bh-grant-info": [
      "Observation"
    ],
    "http://hl7.org/fhir/us/core/StructureDefinition/us-core-birthsex": [
      "Patient"
    ],
    "http://hl7.org/fhir/us/core/StructureDefinition/us-core-ethnicity": [
      "Patient"
    ],
    "http://hl7.org/fhir/us/core/StructureDefinition/us-core-medication-adherence": [
      "MedicationRequest"
    ],
    "http://hl7.org/fhir/us/core/StructureDefinition/us-core-race": [
      "Patient"
    ],
    "http://hl7.org/fhir/us/core/StructureDefinition/us-core-sex": [
      "Patient"
    ],
    "http://hl7.org/fhir/us/core/StructureDefinition/us-core-tribal-affiliation": [
      "Patient"
    ],
    "http://hl7.org/fhir/us/military-service/StructureDefinition/military-service-veteran-status": [
      "Patient"
    ],
    "https://fhir.health.np/mentalhealth/StructureDefinition/ethnic-code": [
      "Patient"
    ]
  }
}