{
  "codeSystems" : [
    {
      "url" : "http://example.org/fhir/ValueSet/improvement-status",
      "version" : "1.0.1",
      "status" : "active",
      "name" : "ImprovementStatusVS",
      "title" : "Improvement Status ValueSet",
      "description" : "Allowed values for improvement status.",
      "systems" : ["http://example.org/fhir/CodeSystem/improvement-status"],
      "uses" : {
      },
      "StructureDefinition-MentalHealthImprovementStatus.html" : "Mental Health Improvement Status"
    },
    {
      "url" : "http://hl7.org/fhir/ValueSet/administrative-gender",
      "version" : "4.0.1",
      "status" : "active",
      "name" : "AdministrativeGender",
      "title" : "AdministrativeGender",
      "description" : "The gender of a person used for administrative purposes.",
      "systems" : ["http://hl7.org/fhir/administrative-gender"],
      "oids" : ["2.16.840.1.113883.4.642.3.1"],
      "sources" : ["2.16.840.1.113883.4.642.3.1"],
      "uses" : {
      },
      "StructureDefinition-mental-patient.html" : "Mental Health Patient"
    },
    {
      "url" : "http://hl7.org/fhir/ValueSet/body-site",
      "version" : "4.0.1",
      "status" : "draft",
      "name" : "SNOMEDCTBodyStructures",
      "title" : "SNOMED CT Body Structures",
      "description" : "This value set includes all codes from [SNOMED CT](http://snomed.info/sct) where concept is-a 442083009 (Anatomical or acquired body site (body structure)).",
      "systems" : ["http://snomed.info/sct"],
      "oids" : ["2.16.840.1.113883.4.642.3.141"],
      "sources" : ["2.16.840.1.113883.4.642.3.141"],
      "uses" : {
      },
      "StructureDefinition-MentalHealthImprovementStatus.html" : "Mental Health Improvement Status",
      "StructureDefinition-MentalHealthReferralRequest.html" : "Mental Health Referral Request",
      "StructureDefinition-mental-health-condition.html" : "Primary Diagnosis Condition with any ICD-11 Mental Health Code",
      "StructureDefinition-MentalHealthTreatmentFollowupStatus.html" : "Mental Health Treatment Follow-up Status"
    },
    {
      "url" : "http://hl7.org/fhir/ValueSet/condition-category",
      "version" : "4.0.1",
      "status" : "draft",
      "name" : "ConditionCategoryCodes",
      "title" : "Condition Category Codes",
      "description" : "Preferred value set for Condition Categories.",
      "systems" : ["http://terminology.hl7.org/CodeSystem/condition-category"],
      "oids" : ["2.16.840.1.113883.4.642.3.162"],
      "sources" : ["2.16.840.1.113883.4.642.3.162"],
      "uses" : {
      },
      "StructureDefinition-mental-health-condition.html" : "Primary Diagnosis Condition with any ICD-11 Mental Health Code"
    },
    {
      "url" : "http://hl7.org/fhir/ValueSet/condition-clinical",
      "version" : "4.0.1",
      "status" : "draft",
      "name" : "ConditionClinicalStatusCodes",
      "title" : "Condition Clinical Status Codes",
      "description" : "Preferred value set for Condition Clinical Status.",
      "systems" : ["http://terminology.hl7.org/CodeSystem/condition-clinical"],
      "oids" : ["2.16.840.1.113883.4.642.3.164"],
      "sources" : ["2.16.840.1.113883.4.642.3.164"],
      "uses" : {
      },
      "StructureDefinition-mental-health-condition.html" : "Primary Diagnosis Condition with any ICD-11 Mental Health Code"
    },
    {
      "url" : "http://hl7.org/fhir/ValueSet/condition-code",
      "version" : "4.0.1",
      "status" : "draft",
      "name" : "Condition/Problem/DiagnosisCodes",
      "title" : "Condition/Problem/Diagnosis Codes",
      "description" : "Example value set for Condition/Problem/Diagnosis codes.",
      "systems" : ["http://snomed.info/sct"],
      "oids" : ["2.16.840.1.113883.4.642.3.161"],
      "sources" : ["2.16.840.1.113883.4.642.3.161"],
      "uses" : {
      },
      "StructureDefinition-mental-health-condition.html" : "Primary Diagnosis Condition with any ICD-11 Mental Health Code"
    },
    {
      "url" : "http://hl7.org/fhir/ValueSet/condition-severity",
      "version" : "4.0.1",
      "status" : "draft",
      "name" : "Condition/DiagnosisSeverity",
      "title" : "Condition/Diagnosis Severity",
      "description" : "Preferred value set for Condition/Diagnosis severity grading.",
      "systems" : ["http://snomed.info/sct"],
      "oids" : ["2.16.840.1.113883.4.642.3.168"],
      "sources" : ["2.16.840.1.113883.4.642.3.168"],
      "uses" : {
      },
      "StructureDefinition-mental-health-condition.html" : "Primary Diagnosis Condition with any ICD-11 Mental Health Code"
    },
    {
      "url" : "http://hl7.org/fhir/ValueSet/condition-stage",
      "version" : "4.0.1",
      "status" : "draft",
      "name" : "ConditionStage",
      "title" : "Condition Stage",
      "description" : "Example value set for stages of cancer and other conditions.",
      "systems" : ["http://snomed.info/sct"],
      "oids" : ["2.16.840.1.113883.4.642.3.170"],
      "sources" : ["2.16.840.1.113883.4.642.3.170"],
      "uses" : {
      },
      "StructureDefinition-mental-health-condition.html" : "Primary Diagnosis Condition with any ICD-11 Mental Health Code"
    },
    {
      "url" : "http://hl7.org/fhir/ValueSet/condition-stage-type",
      "version" : "4.0.1",
      "status" : "draft",
      "name" : "ConditionStageType",
      "title" : "Condition Stage Type",
      "description" : "Example value set for the type of stages of cancer and other conditions",
      "systems" : ["http://snomed.info/sct"],
      "oids" : ["2.16.840.1.113883.4.642.3.171"],
      "sources" : ["2.16.840.1.113883.4.642.3.171"],
      "uses" : {
      },
      "StructureDefinition-mental-health-condition.html" : "Primary Diagnosis Condition with any ICD-11 Mental Health Code"
    },
    {
      "url" : "http://hl7.org/fhir/ValueSet/condition-ver-status",
      "version" : "4.0.1",
      "status" : "draft",
      "name" : "ConditionVerificationStatus",
      "title" : "ConditionVerificationStatus",
      "description" : "The verification status to support or decline the clinical status of the condition or diagnosis.",
      "systems" : ["http://terminology.hl7.org/CodeSystem/condition-ver-status"],
      "oids" : ["2.16.840.1.113883.4.642.3.166"],
      "sources" : ["2.16.840.1.113883.4.642.3.166"],
      "uses" : {
      },
      "StructureDefinition-mental-health-condition.html" : "Primary Diagnosis Condition with any ICD-11 Mental Health Code"
    },
    {
      "url" : "http://hl7.org/fhir/ValueSet/contact-point-system",
      "version" : "4.0.1",
      "status" : "active",
      "name" : "ContactPointSystem",
      "title" : "ContactPointSystem",
      "description" : "Telecommunications form for contact point.",
      "systems" : ["http://hl7.org/fhir/contact-point-system"],
      "oids" : ["2.16.840.1.113883.4.642.3.71"],
      "sources" : ["2.16.840.1.113883.4.642.3.71"],
      "uses" : {
      },
      "StructureDefinition-mental-patient.html" : "Mental Health Patient"
    },
    {
      "url" : "http://hl7.org/fhir/ValueSet/contact-point-use",
      "version" : "4.0.1",
      "status" : "active",
      "name" : "ContactPointUse",
      "title" : "ContactPointUse",
      "description" : "Use of contact point.",
      "systems" : ["http://hl7.org/fhir/contact-point-use"],
      "oids" : ["2.16.840.1.113883.4.642.3.73"],
      "sources" : ["2.16.840.1.113883.4.642.3.73"],
      "uses" : {
      },
      "StructureDefinition-mental-patient.html" : "Mental Health Patient"
    },
    {
      "url" : "http://hl7.org/fhir/ValueSet/data-absent-reason",
      "version" : "4.0.1",
      "status" : "active",
      "name" : "DataAbsentReason",
      "title" : "DataAbsentReason",
      "description" : "Used to specify why the normally expected content of the data element is missing.",
      "systems" : ["http://terminology.hl7.org/CodeSystem/data-absent-reason"],
      "oids" : ["2.16.840.1.113883.4.642.3.5"],
      "sources" : ["2.16.840.1.113883.4.642.3.5"],
      "uses" : {
      },
      "StructureDefinition-MentalHealthImprovementStatus.html" : "Mental Health Improvement Status",
      "StructureDefinition-MentalHealthTreatmentFollowupStatus.html" : "Mental Health Treatment Follow-up Status"
    },
    {
      "url" : "http://hl7.org/fhir/ValueSet/identifier-type",
      "version" : "4.0.1",
      "status" : "active",
      "name" : "Identifier Type Codes",
      "title" : "IdentifierType",
      "description" : "A coded type for an identifier that can be used to determine which identifier to use for a specific purpose.",
      "systems" : ["http://terminology.hl7.org/CodeSystem/v2-0203"],
      "oids" : ["2.16.840.1.113883.4.642.3.45"],
      "sources" : ["2.16.840.1.113883.4.642.3.45"],
      "uses" : {
      },
      "StructureDefinition-mental-patient.html" : "Mental Health Patient"
    },
    {
      "url" : "http://hl7.org/fhir/ValueSet/identifier-use",
      "version" : "4.0.1",
      "status" : "active",
      "name" : "IdentifierUse",
      "title" : "IdentifierUse",
      "description" : "Identifies the purpose for this identifier, if known .",
      "systems" : ["http://hl7.org/fhir/identifier-use"],
      "oids" : ["2.16.840.1.113883.4.642.3.57"],
      "sources" : ["2.16.840.1.113883.4.642.3.57"],
      "uses" : {
      },
      "StructureDefinition-mental-patient.html" : "Mental Health Patient"
    },
    {
      "url" : "http://hl7.org/fhir/ValueSet/languages",
      "version" : "4.0.1",
      "status" : "draft",
      "name" : "CommonLanguages",
      "title" : "Common Languages",
      "description" : "This value set includes common codes from BCP-47 (http://tools.ietf.org/html/bcp47)",
      "systems" : ["urn:ietf:bcp:47"],
      "oids" : ["2.16.840.1.113883.4.642.3.20"],
      "sources" : ["2.16.840.1.113883.4.642.3.20"],
      "uses" : {
      },
      "StructureDefinition-MentalHealthImprovementStatus.html" : "Mental Health Improvement Status",
      "StructureDefinition-MentalHealthReferralRequest.html" : "Mental Health Referral Request",
      "StructureDefinition-mental-health-condition.html" : "Primary Diagnosis Condition with any ICD-11 Mental Health Code",
      "StructureDefinition-mental-patient.html" : "Mental Health Patient",
      "StructureDefinition-MentalHealthTreatmentFollowupStatus.html" : "Mental Health Treatment Follow-up Status"
    },
    {
      "url" : "http://hl7.org/fhir/ValueSet/link-type",
      "version" : "4.0.1",
      "status" : "active",
      "name" : "LinkType",
      "title" : "LinkType",
      "description" : "The type of link between this patient resource and another patient resource.",
      "systems" : ["http://hl7.org/fhir/link-type"],
      "oids" : ["2.16.840.1.113883.4.642.3.423"],
      "sources" : ["2.16.840.1.113883.4.642.3.423"],
      "uses" : {
      },
      "StructureDefinition-mental-patient.html" : "Mental Health Patient"
    },
    {
      "url" : "http://hl7.org/fhir/ValueSet/manifestation-or-symptom",
      "version" : "4.0.1",
      "status" : "draft",
      "name" : "ManifestationAndSymptomCodes",
      "title" : "Manifestation and Symptom Codes",
      "description" : "Example value set for Manifestation and Symptom codes.",
      "systems" : ["http://snomed.info/sct"],
      "oids" : ["2.16.840.1.113883.4.642.3.169"],
      "sources" : ["2.16.840.1.113883.4.642.3.169"],
      "uses" : {
      },
      "StructureDefinition-mental-health-condition.html" : "Primary Diagnosis Condition with any ICD-11 Mental Health Code"
    },
    {
      "url" : "http://hl7.org/fhir/ValueSet/marital-status",
      "version" : "4.0.1",
      "status" : "active",
      "name" : "Marital Status Codes",
      "title" : "MaritalStatus",
      "description" : "This value set defines the set of codes that can be used to indicate the marital status of a person.",
      "systems" : [
        "http://terminology.hl7.org/CodeSystem/v3-MaritalStatus",
        "http://terminology.hl7.org/CodeSystem/v3-NullFlavor"
      ],
      "oids" : ["2.16.840.1.113883.4.642.3.29"],
      "sources" : ["2.16.840.1.113883.4.642.3.29"],
      "uses" : {
      },
      "StructureDefinition-mental-patient.html" : "Mental Health Patient"
    },
    {
      "url" : "http://hl7.org/fhir/ValueSet/medication-as-needed-reason",
      "version" : "4.0.1",
      "status" : "draft",
      "name" : "SNOMEDCTMedicationAsNeededReasonCodes",
      "title" : "SNOMED CT Medication As Needed Reason Codes",
      "description" : "This value set includes all clinical findings from SNOMED CT - provided as an exemplar value set.",
      "systems" : ["http://snomed.info/sct"],
      "oids" : ["2.16.840.1.113883.4.642.3.96"],
      "sources" : ["2.16.840.1.113883.4.642.3.96"],
      "uses" : {
      },
      "StructureDefinition-MentalHealthReferralRequest.html" : "Mental Health Referral Request"
    },
    {
      "url" : "http://hl7.org/fhir/ValueSet/name-use",
      "version" : "4.0.1",
      "status" : "active",
      "name" : "NameUse",
      "title" : "NameUse",
      "description" : "The use of a human name.",
      "systems" : ["http://hl7.org/fhir/name-use"],
      "oids" : ["2.16.840.1.113883.4.642.3.65"],
      "sources" : ["2.16.840.1.113883.4.642.3.65"],
      "uses" : {
      },
      "StructureDefinition-mental-patient.html" : "Mental Health Patient"
    },
    {
      "url" : "http://hl7.org/fhir/ValueSet/observation-category",
      "version" : "4.0.1",
      "status" : "draft",
      "name" : "ObservationCategoryCodes",
      "title" : "Observation Category Codes",
      "description" : "Observation Category codes.",
      "systems" : ["http://terminology.hl7.org/CodeSystem/observation-category"],
      "oids" : ["2.16.840.1.113883.4.642.3.403"],
      "sources" : ["2.16.840.1.113883.4.642.3.403"],
      "uses" : {
      },
      "StructureDefinition-MentalHealthImprovementStatus.html" : "Mental Health Improvement Status",
      "StructureDefinition-MentalHealthTreatmentFollowupStatus.html" : "Mental Health Treatment Follow-up Status"
    },
    {
      "url" : "http://hl7.org/fhir/ValueSet/observation-codes",
      "version" : "4.0.1",
      "status" : "draft",
      "name" : "LOINCCodes",
      "title" : "LOINC Codes",
      "description" : "This value set includes all LOINC codes",
      "systems" : ["http://loinc.org"],
      "oids" : ["2.16.840.1.113883.4.642.3.396"],
      "sources" : ["2.16.840.1.113883.4.642.3.396"],
      "uses" : {
      },
      "StructureDefinition-MentalHealthImprovementStatus.html" : "Mental Health Improvement Status",
      "StructureDefinition-MentalHealthTreatmentFollowupStatus.html" : "Mental Health Treatment Follow-up Status"
    },
    {
      "url" : "http://hl7.org/fhir/ValueSet/observation-interpretation",
      "version" : "4.0.1",
      "status" : "active",
      "name" : "ObservationInterpretationCodes",
      "title" : "Observation Interpretation Codes",
      "description" : "A categorical assessment, providing a rough qualitative interpretation of the observation value,    such as “normal”/ “abnormal”,”low” / “high”, “better” / “worse”, “susceptible” / “resistant”, “expected”/ “not expected”.    The value set is intended to be for ANY use where coded representation of an interpretation is needed.   \r\n   \r\n   Notes:\r\n   \r\n   This is being communicated in v2.x in OBX-8 (Observation Interpretation), in v3 in ObservationInterpretation (CWE) in R1 (Representative Realm) and in FHIR in    Observation.interpretation. Historically these values come from the laboratory domain, and these codes are extensively    used. The value set binding is extensible, so codes outside the value set that are needed for interpretation concepts    (i.e. particular meanings) that are not included in the value set can be used, and these new codes may also be added to    the value set and published in a future version.",
      "systems" : [
        "http://terminology.hl7.org/CodeSystem/v3-ObservationInterpretation"
      ],
      "oids" : ["2.16.840.1.113883.4.642.3.399"],
      "sources" : ["2.16.840.1.113883.4.642.3.399"],
      "uses" : {
      },
      "StructureDefinition-MentalHealthImprovementStatus.html" : "Mental Health Improvement Status",
      "StructureDefinition-MentalHealthTreatmentFollowupStatus.html" : "Mental Health Treatment Follow-up Status"
    },
    {
      "url" : "http://hl7.org/fhir/ValueSet/observation-methods",
      "version" : "4.0.1",
      "status" : "draft",
      "name" : "ObservationMethods",
      "title" : "Observation Methods",
      "description" : "Observation Method codes from [SNOMED CT](http://snomed.info/sct) where concept is-a 272394005 (Technique (qualifier value)) or is-a 129264002 (Action (qualifier value)) or is-a 386053000 (Evaluation procedure(procedure))",
      "systems" : ["http://snomed.info/sct"],
      "oids" : ["2.16.840.1.113883.4.642.3.395"],
      "sources" : ["2.16.840.1.113883.4.642.3.395"],
      "uses" : {
      },
      "StructureDefinition-MentalHealthImprovementStatus.html" : "Mental Health Improvement Status",
      "StructureDefinition-MentalHealthTreatmentFollowupStatus.html" : "Mental Health Treatment Follow-up Status"
    },
    {
      "url" : "http://hl7.org/fhir/ValueSet/observation-status",
      "version" : "4.0.1",
      "status" : "active",
      "name" : "ObservationStatus",
      "title" : "ObservationStatus",
      "description" : "Codes providing the status of an observation.",
      "systems" : ["http://hl7.org/fhir/observation-status"],
      "oids" : ["2.16.840.1.113883.4.642.3.400"],
      "sources" : ["2.16.840.1.113883.4.642.3.400"],
      "uses" : {
      },
      "StructureDefinition-MentalHealthImprovementStatus.html" : "Mental Health Improvement Status",
      "StructureDefinition-MentalHealthTreatmentFollowupStatus.html" : "Mental Health Treatment Follow-up Status"
    },
    {
      "url" : "http://hl7.org/fhir/ValueSet/participant-role",
      "version" : "4.0.1",
      "status" : "draft",
      "name" : "ParticipantRoles",
      "title" : "Participant Roles",
      "description" : "Roles of participants that may be included in a care team.  Defined as: Is a Person, Healthcare professional (occupation) or Healthcare related organization (qualifier value).",
      "systems" : ["http://snomed.info/sct"],
      "oids" : ["2.16.840.1.113883.4.642.3.152"],
      "sources" : ["2.16.840.1.113883.4.642.3.152"],
      "uses" : {
      },
      "StructureDefinition-MentalHealthReferralRequest.html" : "Mental Health Referral Request"
    },
    {
      "url" : "http://hl7.org/fhir/ValueSet/patient-contactrelationship",
      "version" : "4.0.1",
      "status" : "active",
      "name" : "PatientContactRelationship",
      "title" : "Patient Contact Relationship ",
      "description" : "The nature of the relationship between the patient and the contact person.",
      "systems" : ["http://terminology.hl7.org/CodeSystem/v2-0131"],
      "oids" : ["2.16.840.1.113883.4.642.3.1130"],
      "sources" : ["2.16.840.1.113883.4.642.3.1130"],
      "uses" : {
      },
      "StructureDefinition-mental-patient.html" : "Mental Health Patient"
    },
    {
      "url" : "http://hl7.org/fhir/ValueSet/procedure-code",
      "version" : "4.0.1",
      "status" : "draft",
      "name" : "ProcedureCodes(SNOMEDCT)",
      "title" : "Procedure Codes (SNOMED CT)",
      "description" : "Procedure Code: All SNOMED CT procedure codes.",
      "systems" : ["http://snomed.info/sct"],
      "oids" : ["2.16.840.1.113883.4.642.3.427"],
      "sources" : ["2.16.840.1.113883.4.642.3.427"],
      "uses" : {
      },
      "StructureDefinition-MentalHealthReferralRequest.html" : "Mental Health Referral Request"
    },
    {
      "url" : "http://hl7.org/fhir/ValueSet/procedure-reason",
      "version" : "4.0.1",
      "status" : "draft",
      "name" : "ProcedureReasonCodes",
      "title" : "Procedure Reason Codes",
      "description" : "This example value set defines the set of codes that can be used to indicate a reason for a procedure.",
      "systems" : ["http://snomed.info/sct"],
      "oids" : ["2.16.840.1.113883.4.642.3.432"],
      "sources" : ["2.16.840.1.113883.4.642.3.432"],
      "uses" : {
      },
      "StructureDefinition-MentalHealthReferralRequest.html" : "Mental Health Referral Request"
    },
    {
      "url" : "http://hl7.org/fhir/ValueSet/referencerange-appliesto",
      "version" : "4.0.1",
      "status" : "draft",
      "name" : "ObservationReferenceRangeAppliesToCodes",
      "title" : "Observation Reference Range Applies To Codes",
      "description" : "This value set defines a set of codes that can be used to indicate the particular target population the reference range applies to.",
      "systems" : [
        "http://terminology.hl7.org/CodeSystem/v3-Race",
        "http://snomed.info/sct"
      ],
      "oids" : ["2.16.840.1.113883.4.642.3.407"],
      "sources" : ["2.16.840.1.113883.4.642.3.407"],
      "uses" : {
      },
      "StructureDefinition-MentalHealthImprovementStatus.html" : "Mental Health Improvement Status",
      "StructureDefinition-MentalHealthTreatmentFollowupStatus.html" : "Mental Health Treatment Follow-up Status"
    },
    {
      "url" : "http://hl7.org/fhir/ValueSet/referencerange-meaning",
      "version" : "4.0.1",
      "status" : "draft",
      "name" : "ObservationReferenceRangeMeaningCodes",
      "title" : "Observation Reference Range Meaning Codes",
      "description" : "This value set defines a set of codes that can be used to indicate the meaning/use of a reference range for a particular target population.",
      "systems" : [
        "http://terminology.hl7.org/CodeSystem/referencerange-meaning"
      ],
      "oids" : ["2.16.840.1.113883.4.642.3.397"],
      "sources" : ["2.16.840.1.113883.4.642.3.397"],
      "uses" : {
      },
      "StructureDefinition-MentalHealthImprovementStatus.html" : "Mental Health Improvement Status",
      "StructureDefinition-MentalHealthTreatmentFollowupStatus.html" : "Mental Health Treatment Follow-up Status"
    },
    {
      "url" : "http://hl7.org/fhir/ValueSet/request-intent",
      "version" : "4.0.1",
      "status" : "draft",
      "name" : "RequestIntent",
      "title" : "RequestIntent",
      "description" : "Codes indicating the degree of authority/intentionality associated with a request.",
      "systems" : ["http://hl7.org/fhir/request-intent"],
      "oids" : ["2.16.840.1.113883.4.642.3.113"],
      "sources" : ["2.16.840.1.113883.4.642.3.113"],
      "uses" : {
      },
      "StructureDefinition-MentalHealthReferralRequest.html" : "Mental Health Referral Request"
    },
    {
      "url" : "http://hl7.org/fhir/ValueSet/request-priority",
      "version" : "4.0.1",
      "status" : "draft",
      "name" : "RequestPriority",
      "title" : "Request priority",
      "description" : "The clinical priority of a diagnostic order.",
      "systems" : ["http://hl7.org/fhir/request-priority"],
      "oids" : ["2.16.840.1.113883.4.642.3.115"],
      "sources" : ["2.16.840.1.113883.4.642.3.115"],
      "uses" : {
      },
      "StructureDefinition-MentalHealthReferralRequest.html" : "Mental Health Referral Request"
    },
    {
      "url" : "http://hl7.org/fhir/ValueSet/request-status",
      "version" : "4.0.1",
      "status" : "draft",
      "name" : "RequestStatus",
      "title" : "RequestStatus",
      "description" : "Codes identifying the lifecycle stage of a request.",
      "systems" : ["http://hl7.org/fhir/request-status"],
      "oids" : ["2.16.840.1.113883.4.642.3.111"],
      "sources" : ["2.16.840.1.113883.4.642.3.111"],
      "uses" : {
      },
      "StructureDefinition-MentalHealthReferralRequest.html" : "Mental Health Referral Request"
    },
    {
      "url" : "http://hl7.org/fhir/ValueSet/resource-types",
      "version" : "4.0.1",
      "status" : "active",
      "name" : "ResourceType",
      "title" : "ResourceType",
      "description" : "One of the resource types defined as part of this version of FHIR.",
      "systems" : ["http://hl7.org/fhir/resource-types"],
      "oids" : ["2.16.840.1.113883.4.642.3.27"],
      "sources" : ["2.16.840.1.113883.4.642.3.27"],
      "uses" : {
      },
      "StructureDefinition-MentalHealthImprovementStatus.html" : "Mental Health Improvement Status",
      "StructureDefinition-MentalHealthReferralRequest.html" : "Mental Health Referral Request",
      "StructureDefinition-MentalHealthTreatmentFollowupStatus.html" : "Mental Health Treatment Follow-up Status"
    },
    {
      "url" : "http://hl7.org/fhir/ValueSet/servicerequest-category",
      "version" : "4.0.1",
      "status" : "draft",
      "name" : "ServiceRequestCategoryCodes",
      "title" : "Service Request Category Codes",
      "description" : "An example value set of SNOMED CT concepts that can classify a requested service",
      "systems" : ["http://snomed.info/sct"],
      "oids" : ["2.16.840.1.113883.4.642.3.434"],
      "sources" : ["2.16.840.1.113883.4.642.3.434"],
      "uses" : {
      },
      "StructureDefinition-MentalHealthReferralRequest.html" : "Mental Health Referral Request"
    },
    {
      "url" : "http://hl7.org/fhir/ValueSet/servicerequest-orderdetail",
      "version" : "4.0.1",
      "status" : "draft",
      "name" : "ServiceRequestOrderDetailsCodes",
      "title" : "Service Request Order Details Codes",
      "description" : "An example value set of Codified order entry details concepts.  These concepts only make sense in the context of what is being ordered.  This example is for a patient ventilation order",
      "systems" : ["http://snomed.info/sct"],
      "oids" : ["2.16.840.1.113883.4.642.3.435"],
      "sources" : ["2.16.840.1.113883.4.642.3.435"],
      "uses" : {
      },
      "StructureDefinition-MentalHealthReferralRequest.html" : "Mental Health Referral Request"
    },
    {
      "url" : "http://terminology.hl7.org/ValueSet/v3-ServiceDeliveryLocationRoleType",
      "version" : "3.0.0",
      "status" : "active",
      "name" : "ServiceDeliveryLocationRoleType",
      "title" : "ServiceDeliveryLocationRoleType",
      "description" : "A role of a place that further classifies the setting (e.g., accident site, road side, work site, community location) in which services are delivered.",
      "systems" : ["http://terminology.hl7.org/CodeSystem/v3-RoleCode"],
      "oids" : ["2.16.840.1.113883.1.11.17660"],
      "sources" : ["2.16.840.1.113883.1.11.17660"],
      "uses" : {
      },
      "StructureDefinition-MentalHealthReferralRequest.html" : "Mental Health Referral Request"
    },
    {
      "url" : "https://fhir.health.np/mentalhealth/ValueSet/ethnic-code-vs",
      "version" : "1.0.1",
      "status" : "active",
      "name" : "EthnicCodeVS",
      "title" : "Ethnic Code ValueSet",
      "description" : "ValueSet for जाति कोड (Ethnic Codes in Nepal)",
      "systems" : [
        "https://fhir.health.np/mentalhealth/CodeSystem/ethnic-code-cs"
      ],
      "uses" : {
      },
      "StructureDefinition-ethnic-code.html" : "Ethnic Code"
    }
  ]
}
