{
  "resourceType" : "ValueSet",
  "id" : "bh-funding-types",
  "text" : {
    "status" : "extensions",
    "div" : "<div xmlns=\"http://www.w3.org/1999/xhtml\"><p class=\"res-header-id\"><b>Generated Narrative: ValueSet bh-funding-types</b></p><a name=\"bh-funding-types\"> </a><a name=\"hcbh-funding-types\"> </a><a name=\"bh-funding-types-en-US\"> </a><ul><li>Include these codes as defined in <a href=\"CodeSystem-bh-funding-type-codes.html\"><code>http://hl7.org/fhir/us/bhp/CodeSystem/bh-funding-type-codes</code></a><table class=\"none\"><tr><td style=\"white-space:nowrap\"><b>Code</b></td><td><b>Display</b></td><td><b>Definition</b></td></tr><tr><td><a href=\"CodeSystem-bh-funding-type-codes.html#bh-funding-type-codes-discretionary\">discretionary</a></td><td>Discretionary Funding</td><td>Discretionary Funding</td></tr><tr><td><a href=\"CodeSystem-bh-funding-type-codes.html#bh-funding-type-codes-grant-funding-type\">grant-funding-type</a></td><td>Grant Funding Type</td><td>Grant Funding Type</td></tr><tr><td><a href=\"CodeSystem-bh-funding-type-codes.html#bh-funding-type-codes-funding-program-info\">funding-program-info</a></td><td>Program Funding Information</td><td>Program Funding Information</td></tr></table></li></ul></div>"
  },
  "url" : "http://hl7.org/fhir/us/bhp/ValueSet/bh-funding-types",
  "version" : "1.0.1",
  "name" : "BehavioralHealthProgramFundingTypes",
  "title" : "Behavioral Health Program Funding Types",
  "status" : "draft",
  "date" : "2025-05-18T07:55:32+05:45",
  "publisher" : "https://rcp.com.np",
  "contact" : [{
    "name" : "https://rcp.com.np",
    "telecom" : [{
      "system" : "url",
      "value" : "https://rcp.com.np"
    },
    {
      "system" : "email",
      "value" : "rmchndrapdl@gmail.com"
    }]
  },
  {
    "name" : "RC Poudel",
    "telecom" : [{
      "system" : "email",
      "value" : "rmchndrapdl@gmail.com",
      "use" : "work"
    }]
  }],
  "jurisdiction" : [{
    "coding" : [{
      "system" : "urn:iso:std:iso:3166",
      "code" : "NP",
      "display" : "Nepal"
    }]
  }],
  "copyright" : "Used by permission of HL7 International, all rights reserved Creative Commons License",
  "compose" : {
    "include" : [{
      "system" : "http://hl7.org/fhir/us/bhp/CodeSystem/bh-funding-type-codes",
      "concept" : [{
        "code" : "discretionary",
        "display" : "Discretionary Funding"
      },
      {
        "code" : "grant-funding-type",
        "display" : "Grant Funding Type"
      },
      {
        "code" : "funding-program-info",
        "display" : "Program Funding Information"
      }]
    }]
  }
}