<?xml version="1.0" encoding="UTF-8"?>

<ValueSet xmlns="http://hl7.org/fhir">
  <id value="bh-funding-types"/>
  <text>
    <status value="extensions"/><div xmlns="http://www.w3.org/1999/xhtml"><p class="res-header-id"><b>Generated Narrative: ValueSet bh-funding-types</b></p><a name="bh-funding-types"> </a><a name="hcbh-funding-types"> </a><a name="bh-funding-types-en-US"> </a><ul><li>Include these codes as defined in <a href="CodeSystem-bh-funding-type-codes.html"><code>http://hl7.org/fhir/us/bhp/CodeSystem/bh-funding-type-codes</code></a><table class="none"><tr><td style="white-space:nowrap"><b>Code</b></td><td><b>Display</b></td><td><b>Definition</b></td></tr><tr><td><a href="CodeSystem-bh-funding-type-codes.html#bh-funding-type-codes-discretionary">discretionary</a></td><td>Discretionary Funding</td><td>Discretionary Funding</td></tr><tr><td><a href="CodeSystem-bh-funding-type-codes.html#bh-funding-type-codes-grant-funding-type">grant-funding-type</a></td><td>Grant Funding Type</td><td>Grant Funding Type</td></tr><tr><td><a href="CodeSystem-bh-funding-type-codes.html#bh-funding-type-codes-funding-program-info">funding-program-info</a></td><td>Program Funding Information</td><td>Program Funding Information</td></tr></table></li></ul></div>
  </text>
  <url value="http://hl7.org/fhir/us/bhp/ValueSet/bh-funding-types"/>
  <version value="1.0.1"/>
  <name value="BehavioralHealthProgramFundingTypes"/>
  <title value="Behavioral Health Program Funding Types"/>
  <status value="draft"/>
  <date value="2025-05-18T07:55:32+05:45"/>
  <publisher value="https://rcp.com.np"/>
  <contact>
    <name value="https://rcp.com.np"/>
    <telecom>
      <system value="url"/>
      <value value="https://rcp.com.np"/>
    </telecom>
    <telecom>
      <system value="email"/>
      <value value="rmchndrapdl@gmail.com"/>
    </telecom>
  </contact>
  <contact>
    <name value="RC Poudel"/>
    <telecom>
      <system value="email"/>
      <value value="rmchndrapdl@gmail.com"/>
      <use value="work"/>
    </telecom>
  </contact>
  <jurisdiction>
    <coding>
      <system value="urn:iso:std:iso:3166"/>
      <code value="NP"/>
      <display value="Nepal"/>
    </coding>
  </jurisdiction>
  <copyright value="Used by permission of HL7 International, all rights reserved Creative Commons License"/>
  <compose>
    <include>
      <system value="http://hl7.org/fhir/us/bhp/CodeSystem/bh-funding-type-codes"/>
      <concept>
        <code value="discretionary"/>
        <display value="Discretionary Funding"/>
      </concept>
      <concept>
        <code value="grant-funding-type"/>
        <display value="Grant Funding Type"/>
      </concept>
      <concept>
        <code value="funding-program-info"/>
        <display value="Program Funding Information"/>
      </concept>
    </include>
  </compose>
</ValueSet>