<?xml version="1.0" encoding="UTF-8"?>

<Bundle xmlns="http://hl7.org/fhir">
  <id value="767cd099-5935-460e-8e20-1ea7a1b3c932"/>
  <meta>
    <lastUpdated value="2025-05-20T11:39:13.394+05:45"/>
  </meta>
  <type value="collection"/>
  <entry>
    <fullUrl value="https://fhir.health.np/mentalhealth/ValueSet/ethnic-code-vs"/>
    <resource>
      <ValueSet>
        <text>
          <status value="generated"/>
          <div xmlns="http://www.w3.org/1999/xhtml">
            <p class="res-header-id">
              <b>ValueSet </b>
            </p>
            <p style="border: black 1px dotted; background-color: #EEEEEE; padding: 8px; margin-bottom: 8px">Expansion performed internally based on 
              <a href="CodeSystem-ethnic-code-cs.html">codesystem Ethnic Code v1.0.1 (CodeSystem)</a>
            </p>
            <p>This value set contains 6 concepts</p>
            <table class="codes">
              <tr>
                <td style="white-space:nowrap">
                  <b>Code</b>
                </td>
                <td>
                  <b>System</b>
                </td>
                <td>
                  <b>Display (en-US)</b>
                </td>
              </tr>
              <tr>
                <td style="white-space:nowrap">
                  <a name="x-https://fhir.health.np/mentalhealth/CodeSystem/ethnic-code-cs-1"> </a>  
                  <a href="CodeSystem-ethnic-code-cs.html#ethnic-code-cs-1">1</a>
                </td>
                <td>https://fhir.health.np/mentalhealth/CodeSystem/ethnic-code-cs</td>
                <td>1 दलित (१)</td>
              </tr>
              <tr>
                <td style="white-space:nowrap">
                  <a name="x-https://fhir.health.np/mentalhealth/CodeSystem/ethnic-code-cs-2"> </a>  
                  <a href="CodeSystem-ethnic-code-cs.html#ethnic-code-cs-2">2</a>
                </td>
                <td>https://fhir.health.np/mentalhealth/CodeSystem/ethnic-code-cs</td>
                <td>2 जनजाती (२)</td>
              </tr>
              <tr>
                <td style="white-space:nowrap">
                  <a name="x-https://fhir.health.np/mentalhealth/CodeSystem/ethnic-code-cs-3"> </a>  
                  <a href="CodeSystem-ethnic-code-cs.html#ethnic-code-cs-3">3</a>
                </td>
                <td>https://fhir.health.np/mentalhealth/CodeSystem/ethnic-code-cs</td>
                <td>3 मधेसी (३)</td>
              </tr>
              <tr>
                <td style="white-space:nowrap">
                  <a name="x-https://fhir.health.np/mentalhealth/CodeSystem/ethnic-code-cs-4"> </a>  
                  <a href="CodeSystem-ethnic-code-cs.html#ethnic-code-cs-4">4</a>
                </td>
                <td>https://fhir.health.np/mentalhealth/CodeSystem/ethnic-code-cs</td>
                <td>4 मुस्लिम (४)</td>
              </tr>
              <tr>
                <td style="white-space:nowrap">
                  <a name="x-https://fhir.health.np/mentalhealth/CodeSystem/ethnic-code-cs-5"> </a>  
                  <a href="CodeSystem-ethnic-code-cs.html#ethnic-code-cs-5">5</a>
                </td>
                <td>https://fhir.health.np/mentalhealth/CodeSystem/ethnic-code-cs</td>
                <td>5 ब्राह्मण/क्षेत्री (५)</td>
              </tr>
              <tr>
                <td style="white-space:nowrap">
                  <a name="x-https://fhir.health.np/mentalhealth/CodeSystem/ethnic-code-cs-6"> </a>  
                  <a href="CodeSystem-ethnic-code-cs.html#ethnic-code-cs-6">6</a>
                </td>
                <td>https://fhir.health.np/mentalhealth/CodeSystem/ethnic-code-cs</td>
                <td>6 अन्य (६)</td>
              </tr>
            </table>
          </div>
        </text>
        <url value="https://fhir.health.np/mentalhealth/ValueSet/ethnic-code-vs"/>
        <version value="1.0.1"/>
        <name value="EthnicCodeVS"/>
        <title value="Ethnic Code ValueSet"/>
        <status value="active"/>
        <date value="2025-05-20T11:38:44+05:45"/>
        <jurisdiction>
          <coding>
            <system value="urn:iso:std:iso:3166"/>
            <code value="NP"/>
            <display value="Nepal"/>
          </coding>
        </jurisdiction>
        <expansion>
          <identifier value="urn:uuid:9596466f-09cb-4384-b693-2c317efe1889"/>
          <timestamp value="2025-05-20T11:39:45+05:45"/>
          <total value="6"/>
          <offset value="0"/>
          <parameter>
            <name value="displayLanguage"/>
            <valueCode value="en-US"/>
          </parameter>
          <parameter>
            <name value="count"/>
            <valueInteger value="1000"/>
          </parameter>
          <parameter>
            <name value="offset"/>
            <valueInteger value="0"/>
          </parameter>
          <parameter>
            <name value="excludeNested"/>
            <valueBoolean value="false"/>
          </parameter>
          <parameter>
            <name value="used-codesystem"/>
            <valueUri value="https://fhir.health.np/mentalhealth/CodeSystem/ethnic-code-cs|1.0.1"/>
          </parameter>
          <contains>
            <system value="https://fhir.health.np/mentalhealth/CodeSystem/ethnic-code-cs"/>
            <code value="1"/>
            <display value="1 दलित (१)"/>
          </contains>
          <contains>
            <system value="https://fhir.health.np/mentalhealth/CodeSystem/ethnic-code-cs"/>
            <code value="2"/>
            <display value="2 जनजाती (२)"/>
          </contains>
          <contains>
            <system value="https://fhir.health.np/mentalhealth/CodeSystem/ethnic-code-cs"/>
            <code value="3"/>
            <display value="3 मधेसी (३)"/>
          </contains>
          <contains>
            <system value="https://fhir.health.np/mentalhealth/CodeSystem/ethnic-code-cs"/>
            <code value="4"/>
            <display value="4 मुस्लिम (४)"/>
          </contains>
          <contains>
            <system value="https://fhir.health.np/mentalhealth/CodeSystem/ethnic-code-cs"/>
            <code value="5"/>
            <display value="5 ब्राह्मण/क्षेत्री (५)"/>
          </contains>
          <contains>
            <system value="https://fhir.health.np/mentalhealth/CodeSystem/ethnic-code-cs"/>
            <code value="6"/>
            <display value="6 अन्य (६)"/>
          </contains>
        </expansion>
      </ValueSet>
    </resource>
  </entry>
  <entry>
    <fullUrl value="http://example.org/fhir/ValueSet/improvement-status"/>
    <resource>
      <ValueSet>
        <text>
          <status value="generated"/>
          <div xmlns="http://www.w3.org/1999/xhtml">
            <p class="res-header-id">
              <b>ValueSet </b>
            </p>
            <p style="border: black 1px dotted; background-color: #EEEEEE; padding: 8px; margin-bottom: 8px">Expansion performed internally based on 
              <a href="CodeSystem-improvement-status.html">codesystem Mental Health Improvement Status v1.0.1 (CodeSystem)</a>
            </p>
            <p>This value set contains 3 concepts</p>
            <table class="codes">
              <tr>
                <td style="white-space:nowrap">
                  <b>Code</b>
                </td>
                <td>
                  <b>System</b>
                </td>
                <td>
                  <b>Display (en-US)</b>
                </td>
                <td>
                  <b>Definition</b>
                </td>
              </tr>
              <tr>
                <td style="white-space:nowrap">
                  <a name="x-http://example.org/fhir/CodeSystem/improvement-status-improving"> </a>  
                  <a href="CodeSystem-improvement-status.html#improvement-status-improving">improving</a>
                </td>
                <td>http://example.org/fhir/CodeSystem/improvement-status</td>
                <td>Improving</td>
                <td>
                  <div>
                    <p>Patient shows improvement.</p>

                  </div>
                </td>
              </tr>
              <tr>
                <td style="white-space:nowrap">
                  <a name="x-http://example.org/fhir/CodeSystem/improvement-status-stable"> </a>  
                  <a href="CodeSystem-improvement-status.html#improvement-status-stable">stable</a>
                </td>
                <td>http://example.org/fhir/CodeSystem/improvement-status</td>
                <td>Stable</td>
                <td>
                  <div>
                    <p>No change in condition.</p>

                  </div>
                </td>
              </tr>
              <tr>
                <td style="white-space:nowrap">
                  <a name="x-http://example.org/fhir/CodeSystem/improvement-status-worsening"> </a>  
                  <a href="CodeSystem-improvement-status.html#improvement-status-worsening">worsening</a>
                </td>
                <td>http://example.org/fhir/CodeSystem/improvement-status</td>
                <td>Worsening</td>
                <td>
                  <div>
                    <p>Patient condition has deteriorated.</p>

                  </div>
                </td>
              </tr>
            </table>
          </div>
        </text>
        <url value="http://example.org/fhir/ValueSet/improvement-status"/>
        <version value="1.0.1"/>
        <name value="ImprovementStatusVS"/>
        <title value="Improvement Status ValueSet"/>
        <status value="active"/>
        <date value="2025-05-20T11:38:44+05:45"/>
        <jurisdiction>
          <coding>
            <system value="urn:iso:std:iso:3166"/>
            <code value="NP"/>
            <display value="Nepal"/>
          </coding>
        </jurisdiction>
        <expansion>
          <identifier value="urn:uuid:399745e8-bfa1-4208-bc31-6c8bd8cd359d"/>
          <timestamp value="2025-05-20T11:39:45+05:45"/>
          <total value="3"/>
          <offset value="0"/>
          <parameter>
            <name value="displayLanguage"/>
            <valueCode value="en-US"/>
          </parameter>
          <parameter>
            <name value="count"/>
            <valueInteger value="1000"/>
          </parameter>
          <parameter>
            <name value="offset"/>
            <valueInteger value="0"/>
          </parameter>
          <parameter>
            <name value="excludeNested"/>
            <valueBoolean value="false"/>
          </parameter>
          <parameter>
            <name value="used-codesystem"/>
            <valueUri value="http://example.org/fhir/CodeSystem/improvement-status|1.0.1"/>
          </parameter>
          <contains>
            <system value="http://example.org/fhir/CodeSystem/improvement-status"/>
            <code value="improving"/>
            <display value="Improving"/>
          </contains>
          <contains>
            <system value="http://example.org/fhir/CodeSystem/improvement-status"/>
            <code value="stable"/>
            <display value="Stable"/>
          </contains>
          <contains>
            <system value="http://example.org/fhir/CodeSystem/improvement-status"/>
            <code value="worsening"/>
            <display value="Worsening"/>
          </contains>
        </expansion>
      </ValueSet>
    </resource>
  </entry>
</Bundle>