{"resourceType":"CodeSystem","id":"ethnic-code-cs","text":{"status":"generated","div":"<div xmlns=\"http://www.w3.org/1999/xhtml\"><p class=\"res-header-id\"><b>Generated Narrative: CodeSystem ethnic-code-cs</b></p><a name=\"ethnic-code-cs\"> </a><a name=\"hcethnic-code-cs\"> </a><a name=\"ethnic-code-cs-en-US\"> </a><p>This  code system <code>https://fhir.health.np/mentalhealth/CodeSystem/ethnic-code-cs</code> defines the following codes:</p><table class=\"codes\"><tr><td style=\"white-space:nowrap\"><b>Code</b></td><td><b>Display</b></td></tr><tr><td style=\"white-space:nowrap\">1<a name=\"ethnic-code-cs-1\"> </a></td><td>1 दलित (१)</td></tr><tr><td style=\"white-space:nowrap\">2<a name=\"ethnic-code-cs-2\"> </a></td><td>2 जनजाती (२)</td></tr><tr><td style=\"white-space:nowrap\">3<a name=\"ethnic-code-cs-3\"> </a></td><td>3 मधेसी (३)</td></tr><tr><td style=\"white-space:nowrap\">4<a name=\"ethnic-code-cs-4\"> </a></td><td>4 मुस्लिम (४)</td></tr><tr><td style=\"white-space:nowrap\">5<a name=\"ethnic-code-cs-5\"> </a></td><td>5 ब्राह्मण/क्षेत्री (५)</td></tr><tr><td style=\"white-space:nowrap\">6<a name=\"ethnic-code-cs-6\"> </a></td><td>6 अन्य (६)</td></tr></table></div>"},"url":"https://fhir.health.np/mentalhealth/CodeSystem/ethnic-code-cs","version":"1.0.1","name":"EthnicCodeCS","title":"Ethnic Code","status":"active","date":"2025-05-20T11:38:44+05:45","publisher":"https://rcp.com.np","contact":[{"name":"https://rcp.com.np","telecom":[{"system":"url","value":"https://rcp.com.np"},{"system":"email","value":"rmchndrapdl@gmail.com"}]},{"name":"RC Poudel","telecom":[{"system":"email","value":"rmchndrapdl@gmail.com","use":"work"}]}],"description":"जाति कोडहरू: दलित, जनजाती, मधेसी, मुस्लिम, ब्राह्मण/क्षेत्री, अन्य","jurisdiction":[{"coding":[{"system":"urn:iso:std:iso:3166","code":"NP","display":"Nepal"}]}],"copyright":"Used by permission of HL7 International, all rights reserved Creative Commons License","content":"complete","count":6,"concept":[{"code":"1","display":"1 दलित (१)","designation":[{"use":{"system":"http://terminology.hl7.org/CodeSystem/designation-usage","code":"display"},"value":"1 दलित (१)"}]},{"code":"2","display":"2 जनजाती (२)","designation":[{"use":{"system":"http://terminology.hl7.org/CodeSystem/designation-usage","code":"display"},"value":"2 जनजाती (२)"}]},{"code":"3","display":"3 मधेसी (३)","designation":[{"use":{"system":"http://terminology.hl7.org/CodeSystem/designation-usage","code":"display"},"value":"3 मधेसी (३)"}]},{"code":"4","display":"4 मुस्लिम (४)","designation":[{"use":{"system":"http://terminology.hl7.org/CodeSystem/designation-usage","code":"display"},"value":"4 मुस्लिम (४)"}]},{"code":"5","display":"5 ब्राह्मण/क्षेत्री (५)","designation":[{"use":{"system":"http://terminology.hl7.org/CodeSystem/designation-usage","code":"display"},"value":"5 ब्राह्मण/क्षेत्री (५)"}]},{"code":"6","display":"6 अन्य (६)","designation":[{"use":{"system":"http://terminology.hl7.org/CodeSystem/designation-usage","code":"display"},"value":"6 अन्य (६)"}]}]}