{"resourceType":"ImplementationGuide","id":"mentalhealth.fhir.ig","text":{"status":"generated","div":"<div xmlns=\"http://www.w3.org/1999/xhtml\"><p class=\"res-header-id\"><b>Generated Narrative: ImplementationGuide mentalhealth.fhir.ig</b></p><a name=\"mentalhealth.fhir.ig\"> </a><a name=\"hcmentalhealth.fhir.ig\"> </a><a name=\"mentalhealth.fhir.ig-en-US\"> </a><h2>FHIRMentalHealthIG</h2><p>The official URL for this implementation guide is: </p><pre>https://fhir.health.np/mentalhealth/ImplementationGuide/mentalhealth.fhir.ig</pre><div><p>The Mental Health FHIR Implementation Guide defines core profiles, workflows, and terminology needed to support interoperable digital mental health services in Nepal. It aligns with the Tracker, and national health priorities to strengthen early detection, clinical management, referral, and monitoring of mental health conditions.\nThe requirements for this guide are informed by global FHIR best practices, Digital Public Goods (DPGs) principles, and interoperability frameworks such as WHO SMART Guidelines and OpenHIE architecture. The profiles and terminology defined here will serve as a foundation for future FHIR-based digital health initiatives in Nepal.\nOriginally developed as part of the FHIR standardization efforts, this guide evolves with stakeholder input and aligns with national health information exchange (HIE) policies. Future versions will expand to support additional use cases, analytics, and real-time data sharing capabilities for Nepal’s health sector.</p>\n</div></div>"},"url":"https://fhir.health.np/mentalhealth/ImplementationGuide/mentalhealth.fhir.ig","version":"1.0.1","name":"FHIRMentalHealthIG","title":"Mental Health FHIR Implementation Guide","status":"active","date":"2025-05-18T07:55:32+05:45","publisher":"https://rcp.com.np","contact":[{"name":"https://rcp.com.np","telecom":[{"system":"url","value":"https://rcp.com.np"},{"system":"email","value":"rmchndrapdl@gmail.com"}]},{"name":"RC Poudel","telecom":[{"system":"email","value":"rmchndrapdl@gmail.com","use":"work"}]}],"description":"The Mental Health FHIR Implementation Guide defines core profiles, workflows, and terminology needed to support interoperable digital mental health services in Nepal. It aligns with the Tracker, and national health priorities to strengthen early detection, clinical management, referral, and monitoring of mental health conditions.\nThe requirements for this guide are informed by global FHIR best practices, Digital Public Goods (DPGs) principles, and interoperability frameworks such as WHO SMART Guidelines and OpenHIE architecture. The profiles and terminology defined here will serve as a foundation for future FHIR-based digital health initiatives in Nepal.\nOriginally developed as part of the FHIR standardization efforts, this guide evolves with stakeholder input and aligns with national health information exchange (HIE) policies. Future versions will expand to support additional use cases, analytics, and real-time data sharing capabilities for Nepal’s health sector.","jurisdiction":[{"coding":[{"system":"urn:iso:std:iso:3166","code":"NP","display":"Nepal"}]}],"copyright":"Used by permission of HL7 International, all rights reserved Creative Commons License","packageId":"mentalhealth.fhir.ig","license":"CC-BY-SA-3.0","fhirVersion":["4.0.1"],"dependsOn":[{"id":"hl7tx","extension":[{"url":"http://hl7.org/fhir/tools/StructureDefinition/implementationguide-dependency-comment","valueMarkdown":"Automatically added as a dependency - all IGs depend on HL7 Terminology"}],"uri":"http://terminology.hl7.org/ImplementationGuide/hl7.terminology","packageId":"hl7.terminology.r4","version":"6.3.0"},{"id":"hl7ext","extension":[{"url":"http://hl7.org/fhir/tools/StructureDefinition/implementationguide-dependency-comment","valueMarkdown":"Automatically added as a dependency - all IGs depend on the HL7 Extension Pack"}],"uri":"http://hl7.org/fhir/extensions/ImplementationGuide/hl7.fhir.uv.extensions","packageId":"hl7.fhir.uv.extensions.r4","version":"5.2.0"}],"definition":{"extension":[{"extension":[{"url":"code","valueString":"copyrightyear"},{"url":"value","valueString":"2025+"}],"url":"http://hl7.org/fhir/tools/StructureDefinition/ig-parameter"},{"extension":[{"url":"code","valueString":"releaselabel"},{"url":"value","valueString":"ci-build"}],"url":"http://hl7.org/fhir/tools/StructureDefinition/ig-parameter"},{"extension":[{"url":"code","valueString":"autoload-resources"},{"url":"value","valueString":"true"}],"url":"http://hl7.org/fhir/tools/StructureDefinition/ig-parameter"},{"extension":[{"url":"code","valueString":"path-liquid"},{"url":"value","valueString":"template/liquid"}],"url":"http://hl7.org/fhir/tools/StructureDefinition/ig-parameter"},{"extension":[{"url":"code","valueString":"path-liquid"},{"url":"value","valueString":"input/liquid"}],"url":"http://hl7.org/fhir/tools/StructureDefinition/ig-parameter"},{"extension":[{"url":"code","valueString":"path-qa"},{"url":"value","valueString":"temp/qa"}],"url":"http://hl7.org/fhir/tools/StructureDefinition/ig-parameter"},{"extension":[{"url":"code","valueString":"path-temp"},{"url":"value","valueString":"temp/pages"}],"url":"http://hl7.org/fhir/tools/StructureDefinition/ig-parameter"},{"extension":[{"url":"code","valueString":"path-output"},{"url":"value","valueString":"output"}],"url":"http://hl7.org/fhir/tools/StructureDefinition/ig-parameter"},{"extension":[{"url":"code","valueString":"path-suppressed-warnings"},{"url":"value","valueString":"input/ignoreWarnings.txt"}],"url":"http://hl7.org/fhir/tools/StructureDefinition/ig-parameter"},{"extension":[{"url":"code","valueString":"path-history"},{"url":"value","valueString":"https://fhir.health.np/mentalhealth/history.html"}],"url":"http://hl7.org/fhir/tools/StructureDefinition/ig-parameter"},{"extension":[{"url":"code","valueString":"template-html"},{"url":"value","valueString":"template-page.html"}],"url":"http://hl7.org/fhir/tools/StructureDefinition/ig-parameter"},{"extension":[{"url":"code","valueString":"template-md"},{"url":"value","valueString":"template-page-md.html"}],"url":"http://hl7.org/fhir/tools/StructureDefinition/ig-parameter"},{"extension":[{"url":"code","valueString":"apply-contact"},{"url":"value","valueString":"true"}],"url":"http://hl7.org/fhir/tools/StructureDefinition/ig-parameter"},{"extension":[{"url":"code","valueString":"apply-context"},{"url":"value","valueString":"true"}],"url":"http://hl7.org/fhir/tools/StructureDefinition/ig-parameter"},{"extension":[{"url":"code","valueString":"apply-copyright"},{"url":"value","valueString":"true"}],"url":"http://hl7.org/fhir/tools/StructureDefinition/ig-parameter"},{"extension":[{"url":"code","valueString":"apply-jurisdiction"},{"url":"value","valueString":"true"}],"url":"http://hl7.org/fhir/tools/StructureDefinition/ig-parameter"},{"extension":[{"url":"code","valueString":"apply-license"},{"url":"value","valueString":"true"}],"url":"http://hl7.org/fhir/tools/StructureDefinition/ig-parameter"},{"extension":[{"url":"code","valueString":"apply-publisher"},{"url":"value","valueString":"true"}],"url":"http://hl7.org/fhir/tools/StructureDefinition/ig-parameter"},{"extension":[{"url":"code","valueString":"apply-version"},{"url":"value","valueString":"true"}],"url":"http://hl7.org/fhir/tools/StructureDefinition/ig-parameter"},{"extension":[{"url":"code","valueString":"apply-wg"},{"url":"value","valueString":"true"}],"url":"http://hl7.org/fhir/tools/StructureDefinition/ig-parameter"},{"extension":[{"url":"code","valueString":"active-tables"},{"url":"value","valueString":"true"}],"url":"http://hl7.org/fhir/tools/StructureDefinition/ig-parameter"},{"extension":[{"url":"code","valueString":"fmm-definition"},{"url":"value","valueString":"http://hl7.org/fhir/versions.html#maturity"}],"url":"http://hl7.org/fhir/tools/StructureDefinition/ig-parameter"},{"extension":[{"url":"code","valueString":"propagate-status"},{"url":"value","valueString":"true"}],"url":"http://hl7.org/fhir/tools/StructureDefinition/ig-parameter"},{"extension":[{"url":"code","valueString":"excludelogbinaryformat"},{"url":"value","valueString":"true"}],"url":"http://hl7.org/fhir/tools/StructureDefinition/ig-parameter"},{"extension":[{"url":"code","valueString":"tabbed-snapshots"},{"url":"value","valueString":"true"}],"url":"http://hl7.org/fhir/tools/StructureDefinition/ig-parameter"},{"url":"http://hl7.org/fhir/tools/StructureDefinition/ig-internal-dependency","valueCode":"hl7.fhir.uv.tools.r4#0.5.0"},{"extension":[{"url":"code","valueCode":"copyrightyear"},{"url":"value","valueString":"2025+"}],"url":"http://hl7.org/fhir/tools/StructureDefinition/ig-parameter"},{"extension":[{"url":"code","valueCode":"releaselabel"},{"url":"value","valueString":"ci-build"}],"url":"http://hl7.org/fhir/tools/StructureDefinition/ig-parameter"},{"extension":[{"url":"code","valueCode":"autoload-resources"},{"url":"value","valueString":"true"}],"url":"http://hl7.org/fhir/tools/StructureDefinition/ig-parameter"},{"extension":[{"url":"code","valueCode":"path-liquid"},{"url":"value","valueString":"template/liquid"}],"url":"http://hl7.org/fhir/tools/StructureDefinition/ig-parameter"},{"extension":[{"url":"code","valueCode":"path-liquid"},{"url":"value","valueString":"input/liquid"}],"url":"http://hl7.org/fhir/tools/StructureDefinition/ig-parameter"},{"extension":[{"url":"code","valueCode":"path-qa"},{"url":"value","valueString":"temp/qa"}],"url":"http://hl7.org/fhir/tools/StructureDefinition/ig-parameter"},{"extension":[{"url":"code","valueCode":"path-temp"},{"url":"value","valueString":"temp/pages"}],"url":"http://hl7.org/fhir/tools/StructureDefinition/ig-parameter"},{"extension":[{"url":"code","valueCode":"path-output"},{"url":"value","valueString":"output"}],"url":"http://hl7.org/fhir/tools/StructureDefinition/ig-parameter"},{"extension":[{"url":"code","valueCode":"path-suppressed-warnings"},{"url":"value","valueString":"input/ignoreWarnings.txt"}],"url":"http://hl7.org/fhir/tools/StructureDefinition/ig-parameter"},{"extension":[{"url":"code","valueCode":"path-history"},{"url":"value","valueString":"https://fhir.health.np/mentalhealth/history.html"}],"url":"http://hl7.org/fhir/tools/StructureDefinition/ig-parameter"},{"extension":[{"url":"code","valueCode":"template-html"},{"url":"value","valueString":"template-page.html"}],"url":"http://hl7.org/fhir/tools/StructureDefinition/ig-parameter"},{"extension":[{"url":"code","valueCode":"template-md"},{"url":"value","valueString":"template-page-md.html"}],"url":"http://hl7.org/fhir/tools/StructureDefinition/ig-parameter"},{"extension":[{"url":"code","valueCode":"apply-contact"},{"url":"value","valueString":"true"}],"url":"http://hl7.org/fhir/tools/StructureDefinition/ig-parameter"},{"extension":[{"url":"code","valueCode":"apply-context"},{"url":"value","valueString":"true"}],"url":"http://hl7.org/fhir/tools/StructureDefinition/ig-parameter"},{"extension":[{"url":"code","valueCode":"apply-copyright"},{"url":"value","valueString":"true"}],"url":"http://hl7.org/fhir/tools/StructureDefinition/ig-parameter"},{"extension":[{"url":"code","valueCode":"apply-jurisdiction"},{"url":"value","valueString":"true"}],"url":"http://hl7.org/fhir/tools/StructureDefinition/ig-parameter"},{"extension":[{"url":"code","valueCode":"apply-license"},{"url":"value","valueString":"true"}],"url":"http://hl7.org/fhir/tools/StructureDefinition/ig-parameter"},{"extension":[{"url":"code","valueCode":"apply-publisher"},{"url":"value","valueString":"true"}],"url":"http://hl7.org/fhir/tools/StructureDefinition/ig-parameter"},{"extension":[{"url":"code","valueCode":"apply-version"},{"url":"value","valueString":"true"}],"url":"http://hl7.org/fhir/tools/StructureDefinition/ig-parameter"},{"extension":[{"url":"code","valueCode":"apply-wg"},{"url":"value","valueString":"true"}],"url":"http://hl7.org/fhir/tools/StructureDefinition/ig-parameter"},{"extension":[{"url":"code","valueCode":"active-tables"},{"url":"value","valueString":"true"}],"url":"http://hl7.org/fhir/tools/StructureDefinition/ig-parameter"},{"extension":[{"url":"code","valueCode":"fmm-definition"},{"url":"value","valueString":"http://hl7.org/fhir/versions.html#maturity"}],"url":"http://hl7.org/fhir/tools/StructureDefinition/ig-parameter"},{"extension":[{"url":"code","valueCode":"propagate-status"},{"url":"value","valueString":"true"}],"url":"http://hl7.org/fhir/tools/StructureDefinition/ig-parameter"},{"extension":[{"url":"code","valueCode":"excludelogbinaryformat"},{"url":"value","valueString":"true"}],"url":"http://hl7.org/fhir/tools/StructureDefinition/ig-parameter"},{"extension":[{"url":"code","valueCode":"tabbed-snapshots"},{"url":"value","valueString":"true"}],"url":"http://hl7.org/fhir/tools/StructureDefinition/ig-parameter"},{"extension":[{"url":"code","valueCode":"copyrightyear"},{"url":"value","valueString":"2025+"}],"url":"http://hl7.org/fhir/tools/StructureDefinition/ig-parameter"},{"extension":[{"url":"code","valueCode":"releaselabel"},{"url":"value","valueString":"ci-build"}],"url":"http://hl7.org/fhir/tools/StructureDefinition/ig-parameter"},{"extension":[{"url":"code","valueCode":"autoload-resources"},{"url":"value","valueString":"true"}],"url":"http://hl7.org/fhir/tools/StructureDefinition/ig-parameter"},{"extension":[{"url":"code","valueCode":"path-liquid"},{"url":"value","valueString":"template/liquid"}],"url":"http://hl7.org/fhir/tools/StructureDefinition/ig-parameter"},{"extension":[{"url":"code","valueCode":"path-liquid"},{"url":"value","valueString":"input/liquid"}],"url":"http://hl7.org/fhir/tools/StructureDefinition/ig-parameter"},{"extension":[{"url":"code","valueCode":"path-qa"},{"url":"value","valueString":"temp/qa"}],"url":"http://hl7.org/fhir/tools/StructureDefinition/ig-parameter"},{"extension":[{"url":"code","valueCode":"path-temp"},{"url":"value","valueString":"temp/pages"}],"url":"http://hl7.org/fhir/tools/StructureDefinition/ig-parameter"},{"extension":[{"url":"code","valueCode":"path-output"},{"url":"value","valueString":"output"}],"url":"http://hl7.org/fhir/tools/StructureDefinition/ig-parameter"},{"extension":[{"url":"code","valueCode":"path-suppressed-warnings"},{"url":"value","valueString":"input/ignoreWarnings.txt"}],"url":"http://hl7.org/fhir/tools/StructureDefinition/ig-parameter"},{"extension":[{"url":"code","valueCode":"path-history"},{"url":"value","valueString":"https://fhir.health.np/mentalhealth/history.html"}],"url":"http://hl7.org/fhir/tools/StructureDefinition/ig-parameter"},{"extension":[{"url":"code","valueCode":"template-html"},{"url":"value","valueString":"template-page.html"}],"url":"http://hl7.org/fhir/tools/StructureDefinition/ig-parameter"},{"extension":[{"url":"code","valueCode":"template-md"},{"url":"value","valueString":"template-page-md.html"}],"url":"http://hl7.org/fhir/tools/StructureDefinition/ig-parameter"},{"extension":[{"url":"code","valueCode":"apply-contact"},{"url":"value","valueString":"true"}],"url":"http://hl7.org/fhir/tools/StructureDefinition/ig-parameter"},{"extension":[{"url":"code","valueCode":"apply-context"},{"url":"value","valueString":"true"}],"url":"http://hl7.org/fhir/tools/StructureDefinition/ig-parameter"},{"extension":[{"url":"code","valueCode":"apply-copyright"},{"url":"value","valueString":"true"}],"url":"http://hl7.org/fhir/tools/StructureDefinition/ig-parameter"},{"extension":[{"url":"code","valueCode":"apply-jurisdiction"},{"url":"value","valueString":"true"}],"url":"http://hl7.org/fhir/tools/StructureDefinition/ig-parameter"},{"extension":[{"url":"code","valueCode":"apply-license"},{"url":"value","valueString":"true"}],"url":"http://hl7.org/fhir/tools/StructureDefinition/ig-parameter"},{"extension":[{"url":"code","valueCode":"apply-publisher"},{"url":"value","valueString":"true"}],"url":"http://hl7.org/fhir/tools/StructureDefinition/ig-parameter"},{"extension":[{"url":"code","valueCode":"apply-version"},{"url":"value","valueString":"true"}],"url":"http://hl7.org/fhir/tools/StructureDefinition/ig-parameter"},{"extension":[{"url":"code","valueCode":"apply-wg"},{"url":"value","valueString":"true"}],"url":"http://hl7.org/fhir/tools/StructureDefinition/ig-parameter"},{"extension":[{"url":"code","valueCode":"active-tables"},{"url":"value","valueString":"true"}],"url":"http://hl7.org/fhir/tools/StructureDefinition/ig-parameter"},{"extension":[{"url":"code","valueCode":"fmm-definition"},{"url":"value","valueString":"http://hl7.org/fhir/versions.html#maturity"}],"url":"http://hl7.org/fhir/tools/StructureDefinition/ig-parameter"},{"extension":[{"url":"code","valueCode":"propagate-status"},{"url":"value","valueString":"true"}],"url":"http://hl7.org/fhir/tools/StructureDefinition/ig-parameter"},{"extension":[{"url":"code","valueCode":"excludelogbinaryformat"},{"url":"value","valueString":"true"}],"url":"http://hl7.org/fhir/tools/StructureDefinition/ig-parameter"},{"extension":[{"url":"code","valueCode":"tabbed-snapshots"},{"url":"value","valueString":"true"}],"url":"http://hl7.org/fhir/tools/StructureDefinition/ig-parameter"}],"grouping":[{"id":"-str-profile","name":"Structures: Resource Profiles","description":"These define constraints on FHIR resources for systems conforming to this implementation guide."},{"id":"-str-extension","name":"Structures: Extension Definitions","description":"These define constraints on FHIR data types for systems conforming to this implementation guide."},{"id":"-term-valueset","name":"Terminology: Value Sets","description":"These define sets of codes used by systems conforming to this implementation guide."},{"id":"-term-codesystem","name":"Terminology: Code Systems","description":"These define new code systems used by systems conforming to this implementation guide."},{"id":"-ex-example","name":"Example: Example Instances","description":"These are example instances that show what data produced and consumed by systems conforming with this implementation guide might look like."},{"id":"-other","name":"Other","description":"These are resources that are used within this implementation guide that do not fit into one of the other categories."}],"resource":[{"extension":[{"url":"http://hl7.org/fhir/tools/StructureDefinition/resource-sort","valueInteger":999999999},{"url":"http://hl7.org/fhir/StructureDefinition/implementationguide-page","valueUri":"StructureDefinition-mental-patient.html"}],"reference":{"reference":"StructureDefinition/mental-patient"},"name":"Mental Health Patient","description":"A FHIR Patient profile tailored for mental health contexts in Nepal.","exampleBoolean":false,"groupingId":"-str-profile"},{"extension":[{"url":"http://hl7.org/fhir/tools/StructureDefinition/resource-sort","valueInteger":999999999},{"url":"http://hl7.org/fhir/StructureDefinition/implementationguide-page","valueUri":"StructureDefinition-mental-health-referral.html"}],"reference":{"reference":"StructureDefinition/mental-health-referral"},"name":"Mental Health Referral","description":"A FHIR profile for standardizing mental health referral requests in Nepal.","exampleBoolean":false,"groupingId":"-str-profile"},{"extension":[{"url":"http://hl7.org/fhir/tools/StructureDefinition/resource-sort","valueInteger":999999999},{"url":"http://hl7.org/fhir/StructureDefinition/implementationguide-page","valueUri":"StructureDefinition-mental-health-condition.html"}],"reference":{"reference":"StructureDefinition/mental-health-condition"},"name":"Primary Diagnosis Condition with any ICD-11 Mental Health Code","description":"A Condition resource representing any primary mental health diagnosis from ICD-11 codes.","exampleBoolean":false,"groupingId":"-str-profile"},{"extension":[{"url":"http://hl7.org/fhir/tools/StructureDefinition/resource-sort","valueInteger":999999999},{"url":"http://hl7.org/fhir/StructureDefinition/implementationguide-page","valueUri":"StructureDefinition-ethnic-code.html"}],"reference":{"reference":"StructureDefinition/ethnic-code"},"name":"Ethnic Code","description":"Extension to capture जाति कोड (ethnicity) based on Nepali classification","exampleBoolean":false,"groupingId":"-str-extension"},{"extension":[{"url":"http://hl7.org/fhir/tools/StructureDefinition/resource-sort","valueInteger":999999999},{"url":"http://hl7.org/fhir/StructureDefinition/implementationguide-page","valueUri":"StructureDefinition-program-info.html"}],"reference":{"reference":"StructureDefinition/program-info"},"name":"Grant Program ID and Number","exampleBoolean":false,"groupingId":"-str-extension"},{"extension":[{"url":"http://hl7.org/fhir/tools/StructureDefinition/resource-sort","valueInteger":999999999},{"url":"http://hl7.org/fhir/StructureDefinition/implementationguide-page","valueUri":"ValueSet-bh-funding-types.html"}],"reference":{"reference":"ValueSet/bh-funding-types"},"name":"Behavioral Health Program Funding Types","exampleBoolean":false,"groupingId":"-term-valueset"},{"extension":[{"url":"http://hl7.org/fhir/tools/StructureDefinition/resource-sort","valueInteger":999999999},{"url":"http://hl7.org/fhir/StructureDefinition/implementationguide-page","valueUri":"ValueSet-ethnic-code-vs.html"}],"reference":{"reference":"ValueSet/ethnic-code-vs"},"name":"Ethnic Code ValueSet","description":"ValueSet for जाति कोड (Ethnic Codes in Nepal)","exampleBoolean":false,"groupingId":"-term-valueset"},{"extension":[{"url":"http://hl7.org/fhir/tools/StructureDefinition/resource-sort","valueInteger":999999999},{"url":"http://hl7.org/fhir/StructureDefinition/implementationguide-page","valueUri":"ValueSet-mental-health-clinical-note-types.html"}],"reference":{"reference":"ValueSet/mental-health-clinical-note-types"},"name":"Mental Health Clinical Note Types","exampleBoolean":false,"groupingId":"-term-valueset"},{"extension":[{"url":"http://hl7.org/fhir/tools/StructureDefinition/resource-sort","valueInteger":999999999},{"url":"http://hl7.org/fhir/StructureDefinition/implementationguide-page","valueUri":"CodeSystem-bh-funding-type-codes.html"}],"reference":{"reference":"CodeSystem/bh-funding-type-codes"},"name":"Behavioral Health Program Funding Type Codes","exampleBoolean":false,"groupingId":"-term-codesystem"},{"extension":[{"url":"http://hl7.org/fhir/tools/StructureDefinition/resource-sort","valueInteger":999999999},{"url":"http://hl7.org/fhir/StructureDefinition/implementationguide-page","valueUri":"CodeSystem-ethnic-code-cs.html"}],"reference":{"reference":"CodeSystem/ethnic-code-cs"},"name":"Ethnic Code","description":"जाति कोडहरू: दलित, जनजाती, मधेसी, मुस्लिम, ब्राह्मण/क्षेत्री, अन्य","exampleBoolean":false,"groupingId":"-term-codesystem"},{"extension":[{"url":"http://hl7.org/fhir/tools/StructureDefinition/resource-sort","valueInteger":999999999},{"url":"http://hl7.org/fhir/StructureDefinition/implementationguide-page","valueUri":"Condition-example-primary-diagnosis.html"}],"reference":{"reference":"Condition/example-primary-diagnosis"},"name":"Example Primary Mental Health Diagnosis","description":"An example of a primary diagnosis of depressive episode using ICD-11.","exampleCanonical":"https://fhir.health.np/mentalhealth/StructureDefinition/mental-health-condition","groupingId":"-ex-example"},{"extension":[{"url":"http://hl7.org/fhir/tools/StructureDefinition/resource-sort","valueInteger":999999999},{"url":"http://hl7.org/fhir/StructureDefinition/implementationguide-page","valueUri":"ServiceRequest-ExampleReferralToPsychiatrist.html"}],"reference":{"reference":"ServiceRequest/ExampleReferralToPsychiatrist"},"name":"Referral to Psychiatrist","description":"A referral order for psychiatric evaluation for a patient with depressive disorder.","exampleCanonical":"https://fhir.health.np/mentalhealth/StructureDefinition/mental-health-referral","groupingId":"-ex-example"},{"extension":[{"url":"http://hl7.org/fhir/tools/StructureDefinition/resource-sort","valueInteger":999999999},{"url":"http://hl7.org/fhir/StructureDefinition/implementationguide-page","valueUri":"Patient-ExamplePatient.html"}],"reference":{"reference":"Patient/ExamplePatient"},"name":"Sample Patient","description":"An example patient record mapped from a capture system.","exampleCanonical":"https://fhir.health.np/mentalhealth/StructureDefinition/mental-patient","groupingId":"-ex-example"},{"extension":[{"url":"http://hl7.org/fhir/tools/StructureDefinition/resource-sort","valueInteger":999999999},{"url":"http://hl7.org/fhir/StructureDefinition/implementationguide-page","valueUri":"QuestionnaireResponse-BHP-QuestionnaireResponsePRAPAREExample-1.html"}],"reference":{"reference":"QuestionnaireResponse/BHP-QuestionnaireResponsePRAPAREExample-1"},"name":"BHP-QuestionnaireResponsePRAPAREExample-1","exampleBoolean":false,"groupingId":"-other"},{"extension":[{"url":"http://hl7.org/fhir/tools/StructureDefinition/resource-sort","valueInteger":999999999},{"url":"http://hl7.org/fhir/StructureDefinition/implementationguide-page","valueUri":"QuestionnaireResponse-C-SSRS-example-1.html"}],"reference":{"reference":"QuestionnaireResponse/C-SSRS-example-1"},"name":"C-SSRS-example-1","exampleBoolean":false,"groupingId":"-other"},{"extension":[{"url":"http://hl7.org/fhir/tools/StructureDefinition/resource-sort","valueInteger":999999999},{"url":"http://hl7.org/fhir/StructureDefinition/implementationguide-page","valueUri":"CareTeam-bh-care-team-example-1.html"}],"reference":{"reference":"CareTeam/bh-care-team-example-1"},"name":"Example CareTeam","exampleBoolean":false,"groupingId":"-other"},{"extension":[{"url":"http://hl7.org/fhir/tools/StructureDefinition/resource-sort","valueInteger":999999999},{"url":"http://hl7.org/fhir/StructureDefinition/implementationguide-page","valueUri":"Location-ed-location-example-1.html"}],"reference":{"reference":"Location/ed-location-example-1"},"name":"Florida General Hospital - Emergency Department","description":"Florida General Hospital - Emergency Department","exampleBoolean":false,"groupingId":"-other"},{"extension":[{"url":"http://hl7.org/fhir/tools/StructureDefinition/resource-sort","valueInteger":999999999},{"url":"http://hl7.org/fhir/StructureDefinition/implementationguide-page","valueUri":"Location-obs-location-example-1.html"}],"reference":{"reference":"Location/obs-location-example-1"},"name":"Florida General Hospital - Observation","description":"Florida General Hospital - Observation bed","exampleBoolean":false,"groupingId":"-other"},{"extension":[{"url":"http://hl7.org/fhir/tools/StructureDefinition/resource-sort","valueInteger":999999999},{"url":"http://hl7.org/fhir/StructureDefinition/implementationguide-page","valueUri":"Organization-mh-provider-example-1.html"}],"reference":{"reference":"Organization/mh-provider-example-1"},"name":"Florida Mental Health Provider Associates","exampleBoolean":false,"groupingId":"-other"},{"extension":[{"url":"http://hl7.org/fhir/tools/StructureDefinition/resource-sort","valueInteger":999999999},{"url":"http://hl7.org/fhir/StructureDefinition/implementationguide-page","valueUri":"Organization-fl-medicaid-example-1.html"}],"reference":{"reference":"Organization/fl-medicaid-example-1"},"name":"Florida MyACCESS - Medicaid","exampleBoolean":false,"groupingId":"-other"},{"extension":[{"url":"http://hl7.org/fhir/tools/StructureDefinition/resource-sort","valueInteger":999999999},{"url":"http://hl7.org/fhir/StructureDefinition/implementationguide-page","valueUri":"Consent-SDOHCC-ConsentInformationDisclosure-example-1.html"}],"reference":{"reference":"Consent/SDOHCC-ConsentInformationDisclosure-example-1"},"name":"SDOHCC-ConsentInformationDisclosure-example-1","exampleBoolean":false,"groupingId":"-other"},{"extension":[{"url":"http://hl7.org/fhir/tools/StructureDefinition/resource-sort","valueInteger":999999999},{"url":"http://hl7.org/fhir/StructureDefinition/implementationguide-page","valueUri":"ServiceRequest-ServiceRequest-peer-mentoring-example-1.html"}],"reference":{"reference":"ServiceRequest/ServiceRequest-peer-mentoring-example-1"},"name":"ServiceRequest-peer-mentoring-example-1","exampleBoolean":false,"groupingId":"-other"},{"extension":[{"url":"http://hl7.org/fhir/tools/StructureDefinition/resource-sort","valueInteger":999999999},{"url":"http://hl7.org/fhir/StructureDefinition/implementationguide-page","valueUri":"QuestionnaireResponse-ace-example-1.html"}],"reference":{"reference":"QuestionnaireResponse/ace-example-1"},"name":"ace-example-1","exampleBoolean":false,"groupingId":"-other"},{"extension":[{"url":"http://hl7.org/fhir/tools/StructureDefinition/resource-sort","valueInteger":999999999},{"url":"http://hl7.org/fhir/StructureDefinition/implementationguide-page","valueUri":"RelatedPerson-adult-child-relatedperson-example-1.html"}],"reference":{"reference":"RelatedPerson/adult-child-relatedperson-example-1"},"name":"adult-child-relatedperson-example-1","exampleBoolean":false,"groupingId":"-other"},{"extension":[{"url":"http://hl7.org/fhir/tools/StructureDefinition/resource-sort","valueInteger":999999999},{"url":"http://hl7.org/fhir/StructureDefinition/implementationguide-page","valueUri":"Procedure-alcohol-prevetion-education-example-1.html"}],"reference":{"reference":"Procedure/alcohol-prevetion-education-example-1"},"name":"alcohol-prevetion-education-example-1","exampleBoolean":false,"groupingId":"-other"},{"extension":[{"url":"http://hl7.org/fhir/tools/StructureDefinition/resource-sort","valueInteger":999999999},{"url":"http://hl7.org/fhir/StructureDefinition/implementationguide-page","valueUri":"QuestionnaireResponse-alcohol-use-identification-test-1.html"}],"reference":{"reference":"QuestionnaireResponse/alcohol-use-identification-test-1"},"name":"alcohol-use-identification-test-1","exampleBoolean":false,"groupingId":"-other"},{"extension":[{"url":"http://hl7.org/fhir/tools/StructureDefinition/resource-sort","valueInteger":999999999},{"url":"http://hl7.org/fhir/StructureDefinition/implementationguide-page","valueUri":"Observation-anxiety-assessment-observation-example-1.html"}],"reference":{"reference":"Observation/anxiety-assessment-observation-example-1"},"name":"anxiety-assessment-observation-example-1","exampleBoolean":false,"groupingId":"-other"},{"extension":[{"url":"http://hl7.org/fhir/tools/StructureDefinition/resource-sort","valueInteger":999999999},{"url":"http://hl7.org/fhir/StructureDefinition/implementationguide-page","valueUri":"MedicationRequest-ativan-discharge-med-example-1.html"}],"reference":{"reference":"MedicationRequest/ativan-discharge-med-example-1"},"name":"ativan-discharge-med-example-1","exampleBoolean":false,"groupingId":"-other"},{"extension":[{"url":"http://hl7.org/fhir/tools/StructureDefinition/resource-sort","valueInteger":999999999},{"url":"http://hl7.org/fhir/StructureDefinition/implementationguide-page","valueUri":"Observation-average-blood-pressure-example-1.html"}],"reference":{"reference":"Observation/average-blood-pressure-example-1"},"name":"average-blood-pressure-example-1","exampleBoolean":false,"groupingId":"-other"},{"extension":[{"url":"http://hl7.org/fhir/tools/StructureDefinition/resource-sort","valueInteger":999999999},{"url":"http://hl7.org/fhir/StructureDefinition/implementationguide-page","valueUri":"QuestionnaireResponse-barthel-index-functional-status-example-1.html"}],"reference":{"reference":"QuestionnaireResponse/barthel-index-functional-status-example-1"},"name":"barthel-index-functional-status-example-1","exampleBoolean":false,"groupingId":"-other"},{"extension":[{"url":"http://hl7.org/fhir/tools/StructureDefinition/resource-sort","valueInteger":999999999},{"url":"http://hl7.org/fhir/StructureDefinition/implementationguide-page","valueUri":"Medication-benzo-medication-example-1.html"}],"reference":{"reference":"Medication/benzo-medication-example-1"},"name":"benzo-medication-example-1","exampleBoolean":false,"groupingId":"-other"},{"extension":[{"url":"http://hl7.org/fhir/tools/StructureDefinition/resource-sort","valueInteger":999999999},{"url":"http://hl7.org/fhir/StructureDefinition/implementationguide-page","valueUri":"MedicationRequest-benzo-order-example-1.html"}],"reference":{"reference":"MedicationRequest/benzo-order-example-1"},"name":"benzo-order-example-1","exampleBoolean":false,"groupingId":"-other"},{"extension":[{"url":"http://hl7.org/fhir/tools/StructureDefinition/resource-sort","valueInteger":999999999},{"url":"http://hl7.org/fhir/StructureDefinition/implementationguide-page","valueUri":"Observation-bh-grant-info-observation-example-1.html"}],"reference":{"reference":"Observation/bh-grant-info-observation-example-1"},"name":"bh-grant-info-observation-example-1","exampleBoolean":false,"groupingId":"-other"},{"extension":[{"url":"http://hl7.org/fhir/tools/StructureDefinition/resource-sort","valueInteger":999999999},{"url":"http://hl7.org/fhir/StructureDefinition/implementationguide-page","valueUri":"Patient-bh-patient-example.html"}],"reference":{"reference":"Patient/bh-patient-example"},"name":"bh-patient-example","exampleBoolean":false,"groupingId":"-other"},{"extension":[{"url":"http://hl7.org/fhir/tools/StructureDefinition/resource-sort","valueInteger":999999999},{"url":"http://hl7.org/fhir/StructureDefinition/implementationguide-page","valueUri":"Procedure-bh-prevention-education-program-example-1.html"}],"reference":{"reference":"Procedure/bh-prevention-education-program-example-1"},"name":"bh-prevention-education-program-example-1","exampleBoolean":false,"groupingId":"-other"},{"extension":[{"url":"http://hl7.org/fhir/tools/StructureDefinition/resource-sort","valueInteger":999999999},{"url":"http://hl7.org/fhir/StructureDefinition/implementationguide-page","valueUri":"Observation-blood-pressure-example-1.html"}],"reference":{"reference":"Observation/blood-pressure-example-1"},"name":"blood-pressure-example-1","exampleBoolean":false,"groupingId":"-other"},{"extension":[{"url":"http://hl7.org/fhir/tools/StructureDefinition/resource-sort","valueInteger":999999999},{"url":"http://hl7.org/fhir/StructureDefinition/implementationguide-page","valueUri":"MedicationRequest-bupropion-discharge-med-example-1.html"}],"reference":{"reference":"MedicationRequest/bupropion-discharge-med-example-1"},"name":"bupropion-discharge-med-example-1","exampleBoolean":false,"groupingId":"-other"},{"extension":[{"url":"http://hl7.org/fhir/tools/StructureDefinition/resource-sort","valueInteger":999999999},{"url":"http://hl7.org/fhir/StructureDefinition/implementationguide-page","valueUri":"MedicationDispense-bupropion-dispense-example-1.html"}],"reference":{"reference":"MedicationDispense/bupropion-dispense-example-1"},"name":"bupropion-dispense-example-1","exampleBoolean":false,"groupingId":"-other"},{"extension":[{"url":"http://hl7.org/fhir/tools/StructureDefinition/resource-sort","valueInteger":999999999},{"url":"http://hl7.org/fhir/StructureDefinition/implementationguide-page","valueUri":"Condition-chest-pain-condition-example-1.html"}],"reference":{"reference":"Condition/chest-pain-condition-example-1"},"name":"chest-pain-condition-example-1","exampleBoolean":false,"groupingId":"-other"},{"extension":[{"url":"http://hl7.org/fhir/tools/StructureDefinition/resource-sort","valueInteger":999999999},{"url":"http://hl7.org/fhir/StructureDefinition/implementationguide-page","valueUri":"Observation-cognitive-status-observation-example-3.html"}],"reference":{"reference":"Observation/cognitive-status-observation-example-3"},"name":"cognitive-status-observation-example-3","exampleBoolean":false,"groupingId":"-other"},{"extension":[{"url":"http://hl7.org/fhir/tools/StructureDefinition/resource-sort","valueInteger":999999999},{"url":"http://hl7.org/fhir/StructureDefinition/implementationguide-page","valueUri":"Condition-depression-condition-example-1.html"}],"reference":{"reference":"Condition/depression-condition-example-1"},"name":"depression-condition-example-1","exampleBoolean":false,"groupingId":"-other"},{"extension":[{"url":"http://hl7.org/fhir/tools/StructureDefinition/resource-sort","valueInteger":999999999},{"url":"http://hl7.org/fhir/StructureDefinition/implementationguide-page","valueUri":"Condition-diabetes-condition-example-1.html"}],"reference":{"reference":"Condition/diabetes-condition-example-1"},"name":"diabetes-condition-example-1","exampleBoolean":false,"groupingId":"-other"},{"extension":[{"url":"http://hl7.org/fhir/tools/StructureDefinition/resource-sort","valueInteger":999999999},{"url":"http://hl7.org/fhir/StructureDefinition/implementationguide-page","valueUri":"Observation-disability-status-observation-example-1.html"}],"reference":{"reference":"Observation/disability-status-observation-example-1"},"name":"disability-status-observation-example-1","exampleBoolean":false,"groupingId":"-other"},{"extension":[{"url":"http://hl7.org/fhir/tools/StructureDefinition/resource-sort","valueInteger":999999999},{"url":"http://hl7.org/fhir/StructureDefinition/implementationguide-page","valueUri":"Encounter-discharge-encounter-example-3.html"}],"reference":{"reference":"Encounter/discharge-encounter-example-3"},"name":"discharge-encounter-example-3","exampleBoolean":false,"groupingId":"-other"},{"extension":[{"url":"http://hl7.org/fhir/tools/StructureDefinition/resource-sort","valueInteger":999999999},{"url":"http://hl7.org/fhir/StructureDefinition/implementationguide-page","valueUri":"Encounter-ed-encounter-example-1.html"}],"reference":{"reference":"Encounter/ed-encounter-example-1"},"name":"ed-encounter-example-1","exampleBoolean":false,"groupingId":"-other"},{"extension":[{"url":"http://hl7.org/fhir/tools/StructureDefinition/resource-sort","valueInteger":999999999},{"url":"http://hl7.org/fhir/StructureDefinition/implementationguide-page","valueUri":"Practitioner-ed-physician-example-1.html"}],"reference":{"reference":"Practitioner/ed-physician-example-1"},"name":"ed-physician-example-1","exampleBoolean":false,"groupingId":"-other"},{"extension":[{"url":"http://hl7.org/fhir/tools/StructureDefinition/resource-sort","valueInteger":999999999},{"url":"http://hl7.org/fhir/StructureDefinition/implementationguide-page","valueUri":"DiagnosticReport-ekg-impression-report-example-1.html"}],"reference":{"reference":"DiagnosticReport/ekg-impression-report-example-1"},"name":"ekg-impression-report-example-1","exampleBoolean":false,"groupingId":"-other"},{"extension":[{"url":"http://hl7.org/fhir/tools/StructureDefinition/resource-sort","valueInteger":999999999},{"url":"http://hl7.org/fhir/StructureDefinition/implementationguide-page","valueUri":"Observation-ekg-observation-example-1.html"}],"reference":{"reference":"Observation/ekg-observation-example-1"},"name":"ekg-observation-example-1","exampleBoolean":false,"groupingId":"-other"},{"extension":[{"url":"http://hl7.org/fhir/tools/StructureDefinition/resource-sort","valueInteger":999999999},{"url":"http://hl7.org/fhir/StructureDefinition/implementationguide-page","valueUri":"Parameters-expansion-parameters-bhir.html"}],"reference":{"reference":"Parameters/expansion-parameters-bhir"},"name":"expansion-parameters-bhir","exampleBoolean":false,"groupingId":"-other"},{"extension":[{"url":"http://hl7.org/fhir/tools/StructureDefinition/resource-sort","valueInteger":999999999},{"url":"http://hl7.org/fhir/StructureDefinition/implementationguide-page","valueUri":"AdverseEvent-fall-adverse-event-example-1.html"}],"reference":{"reference":"AdverseEvent/fall-adverse-event-example-1"},"name":"fall-adverse-event-example-1","exampleBoolean":false,"groupingId":"-other"},{"extension":[{"url":"http://hl7.org/fhir/tools/StructureDefinition/resource-sort","valueInteger":999999999},{"url":"http://hl7.org/fhir/StructureDefinition/implementationguide-page","valueUri":"Immunization-flu-vaccine-example-1.html"}],"reference":{"reference":"Immunization/flu-vaccine-example-1"},"name":"flu-vaccine-example-1","exampleBoolean":false,"groupingId":"-other"},{"extension":[{"url":"http://hl7.org/fhir/tools/StructureDefinition/resource-sort","valueInteger":999999999},{"url":"http://hl7.org/fhir/StructureDefinition/implementationguide-page","valueUri":"Goal-food-insecurity-example-1.html"}],"reference":{"reference":"Goal/food-insecurity-example-1"},"name":"food-insecurity-example-1","exampleBoolean":false,"groupingId":"-other"},{"extension":[{"url":"http://hl7.org/fhir/tools/StructureDefinition/resource-sort","valueInteger":999999999},{"url":"http://hl7.org/fhir/StructureDefinition/implementationguide-page","valueUri":"Condition-grief-condition-example-1.html"}],"reference":{"reference":"Condition/grief-condition-example-1"},"name":"grief-condition-example-1","exampleBoolean":false,"groupingId":"-other"},{"extension":[{"url":"http://hl7.org/fhir/tools/StructureDefinition/resource-sort","valueInteger":999999999},{"url":"http://hl7.org/fhir/StructureDefinition/implementationguide-page","valueUri":"QuestionnaireResponse-hark-example-1.html"}],"reference":{"reference":"QuestionnaireResponse/hark-example-1"},"name":"hark-example-1","exampleBoolean":false,"groupingId":"-other"},{"extension":[{"url":"http://hl7.org/fhir/tools/StructureDefinition/resource-sort","valueInteger":999999999},{"url":"http://hl7.org/fhir/StructureDefinition/implementationguide-page","valueUri":"Procedure-harm-reduction-example-1.html"}],"reference":{"reference":"Procedure/harm-reduction-example-1"},"name":"harm-reduction-example-1","exampleBoolean":false,"groupingId":"-other"},{"extension":[{"url":"http://hl7.org/fhir/tools/StructureDefinition/resource-sort","valueInteger":999999999},{"url":"http://hl7.org/fhir/StructureDefinition/implementationguide-page","valueUri":"Observation-heart-rate-example-1.html"}],"reference":{"reference":"Observation/heart-rate-example-1"},"name":"heart-rate-example-1","exampleBoolean":false,"groupingId":"-other"},{"extension":[{"url":"http://hl7.org/fhir/tools/StructureDefinition/resource-sort","valueInteger":999999999},{"url":"http://hl7.org/fhir/StructureDefinition/implementationguide-page","valueUri":"Observation-height-example-1.html"}],"reference":{"reference":"Observation/height-example-1"},"name":"height-example-1","exampleBoolean":false,"groupingId":"-other"},{"extension":[{"url":"http://hl7.org/fhir/tools/StructureDefinition/resource-sort","valueInteger":999999999},{"url":"http://hl7.org/fhir/StructureDefinition/implementationguide-page","valueUri":"Observation-hemoglobin-a1c-example-1.html"}],"reference":{"reference":"Observation/hemoglobin-a1c-example-1"},"name":"hemoglobin-a1c-example-1","exampleBoolean":false,"groupingId":"-other"},{"extension":[{"url":"http://hl7.org/fhir/tools/StructureDefinition/resource-sort","valueInteger":999999999},{"url":"http://hl7.org/fhir/StructureDefinition/implementationguide-page","valueUri":"Goal-housing-insecurity-example-1.html"}],"reference":{"reference":"Goal/housing-insecurity-example-1"},"name":"housing-insecurity-example-1","exampleBoolean":false,"groupingId":"-other"},{"extension":[{"url":"http://hl7.org/fhir/tools/StructureDefinition/resource-sort","valueInteger":999999999},{"url":"http://hl7.org/fhir/StructureDefinition/implementationguide-page","valueUri":"Coverage-medicaid-coverage-example-1.html"}],"reference":{"reference":"Coverage/medicaid-coverage-example-1"},"name":"medicaid-coverage-example-1","exampleBoolean":false,"groupingId":"-other"},{"extension":[{"url":"http://hl7.org/fhir/tools/StructureDefinition/resource-sort","valueInteger":999999999},{"url":"http://hl7.org/fhir/StructureDefinition/implementationguide-page","valueUri":"DocumentReference-mental-health-consult-note-example-1.html"}],"reference":{"reference":"DocumentReference/mental-health-consult-note-example-1"},"name":"mental-health-consult-note-example-1","exampleBoolean":false,"groupingId":"-other"},{"extension":[{"url":"http://hl7.org/fhir/tools/StructureDefinition/resource-sort","valueInteger":999999999},{"url":"http://hl7.org/fhir/StructureDefinition/implementationguide-page","valueUri":"DocumentReference-mental-health-discharge-summary-example-1.html"}],"reference":{"reference":"DocumentReference/mental-health-discharge-summary-example-1"},"name":"mental-health-discharge-summary-example-1","exampleBoolean":false,"groupingId":"-other"},{"extension":[{"url":"http://hl7.org/fhir/tools/StructureDefinition/resource-sort","valueInteger":999999999},{"url":"http://hl7.org/fhir/StructureDefinition/implementationguide-page","valueUri":"DocumentReference-mental-health-hx-physical-example-1.html"}],"reference":{"reference":"DocumentReference/mental-health-hx-physical-example-1"},"name":"mental-health-hx-physical-example-1","exampleBoolean":false,"groupingId":"-other"},{"extension":[{"url":"http://hl7.org/fhir/tools/StructureDefinition/resource-sort","valueInteger":999999999},{"url":"http://hl7.org/fhir/StructureDefinition/implementationguide-page","valueUri":"DocumentReference-mental-health-procedure-example-1.html"}],"reference":{"reference":"DocumentReference/mental-health-procedure-example-1"},"name":"mental-health-procedure-example-1","exampleBoolean":false,"groupingId":"-other"},{"extension":[{"url":"http://hl7.org/fhir/tools/StructureDefinition/resource-sort","valueInteger":999999999},{"url":"http://hl7.org/fhir/StructureDefinition/implementationguide-page","valueUri":"DocumentReference-mental-health-progress-example-1.html"}],"reference":{"reference":"DocumentReference/mental-health-progress-example-1"},"name":"mental-health-progress-example-1","exampleBoolean":false,"groupingId":"-other"},{"extension":[{"url":"http://hl7.org/fhir/tools/StructureDefinition/resource-sort","valueInteger":999999999},{"url":"http://hl7.org/fhir/StructureDefinition/implementationguide-page","valueUri":"Practitioner-mental-health-provider-example-1.html"}],"reference":{"reference":"Practitioner/mental-health-provider-example-1"},"name":"mental-health-provider-example-1","exampleBoolean":false,"groupingId":"-other"},{"extension":[{"url":"http://hl7.org/fhir/tools/StructureDefinition/resource-sort","valueInteger":999999999},{"url":"http://hl7.org/fhir/StructureDefinition/implementationguide-page","valueUri":"MedicationRequest-metformin-discharge-med-example-1.html"}],"reference":{"reference":"MedicationRequest/metformin-discharge-med-example-1"},"name":"metformin-discharge-med-example-1","exampleBoolean":false,"groupingId":"-other"},{"extension":[{"url":"http://hl7.org/fhir/tools/StructureDefinition/resource-sort","valueInteger":999999999},{"url":"http://hl7.org/fhir/StructureDefinition/implementationguide-page","valueUri":"Observation-no-morphine-preference-observation-example-1.html"}],"reference":{"reference":"Observation/no-morphine-preference-observation-example-1"},"name":"no-morphine-preference-observation-example-1","exampleBoolean":false,"groupingId":"-other"},{"extension":[{"url":"http://hl7.org/fhir/tools/StructureDefinition/resource-sort","valueInteger":999999999},{"url":"http://hl7.org/fhir/StructureDefinition/implementationguide-page","valueUri":"Observation-non-smoker-example-1.html"}],"reference":{"reference":"Observation/non-smoker-example-1"},"name":"non-smoker-example-1","exampleBoolean":false,"groupingId":"-other"},{"extension":[{"url":"http://hl7.org/fhir/tools/StructureDefinition/resource-sort","valueInteger":999999999},{"url":"http://hl7.org/fhir/StructureDefinition/implementationguide-page","valueUri":"Encounter-obs-encounter-example-2.html"}],"reference":{"reference":"Encounter/obs-encounter-example-2"},"name":"obs-encounter-example-2","exampleBoolean":false,"groupingId":"-other"},{"extension":[{"url":"http://hl7.org/fhir/tools/StructureDefinition/resource-sort","valueInteger":999999999},{"url":"http://hl7.org/fhir/StructureDefinition/implementationguide-page","valueUri":"Observation-oxygen-saturation-example-1.html"}],"reference":{"reference":"Observation/oxygen-saturation-example-1"},"name":"oxygen-saturation-example-1","exampleBoolean":false,"groupingId":"-other"},{"extension":[{"url":"http://hl7.org/fhir/tools/StructureDefinition/resource-sort","valueInteger":999999999},{"url":"http://hl7.org/fhir/StructureDefinition/implementationguide-page","valueUri":"Condition-panic-attack-condition-example-1.html"}],"reference":{"reference":"Condition/panic-attack-condition-example-1"},"name":"panic-attack-condition-example-1","exampleBoolean":false,"groupingId":"-other"},{"extension":[{"url":"http://hl7.org/fhir/tools/StructureDefinition/resource-sort","valueInteger":999999999},{"url":"http://hl7.org/fhir/StructureDefinition/implementationguide-page","valueUri":"MedicationRequest-paroxetine-discharge-med-example-1.html"}],"reference":{"reference":"MedicationRequest/paroxetine-discharge-med-example-1"},"name":"paroxetine-discharge-med-example-1","exampleBoolean":false,"groupingId":"-other"},{"extension":[{"url":"http://hl7.org/fhir/tools/StructureDefinition/resource-sort","valueInteger":999999999},{"url":"http://hl7.org/fhir/StructureDefinition/implementationguide-page","valueUri":"Encounter-pcp-encounter-example-4.html"}],"reference":{"reference":"Encounter/pcp-encounter-example-4"},"name":"pcp-encounter-example-4","exampleBoolean":false,"groupingId":"-other"},{"extension":[{"url":"http://hl7.org/fhir/tools/StructureDefinition/resource-sort","valueInteger":999999999},{"url":"http://hl7.org/fhir/StructureDefinition/implementationguide-page","valueUri":"Practitioner-pcp-provider-example-1.html"}],"reference":{"reference":"Practitioner/pcp-provider-example-1"},"name":"pcp-provider-example-1","exampleBoolean":false,"groupingId":"-other"},{"extension":[{"url":"http://hl7.org/fhir/tools/StructureDefinition/resource-sort","valueInteger":999999999},{"url":"http://hl7.org/fhir/StructureDefinition/implementationguide-page","valueUri":"AllergyIntolerance-peanut-allergy-example-1.html"}],"reference":{"reference":"AllergyIntolerance/peanut-allergy-example-1"},"name":"peanut-allergy-example-1","exampleBoolean":false,"groupingId":"-other"},{"extension":[{"url":"http://hl7.org/fhir/tools/StructureDefinition/resource-sort","valueInteger":999999999},{"url":"http://hl7.org/fhir/StructureDefinition/implementationguide-page","valueUri":"AllergyIntolerance-penicillin-allergy-example-1.html"}],"reference":{"reference":"AllergyIntolerance/penicillin-allergy-example-1"},"name":"penicillin-allergy-example-1","exampleBoolean":false,"groupingId":"-other"},{"extension":[{"url":"http://hl7.org/fhir/tools/StructureDefinition/resource-sort","valueInteger":999999999},{"url":"http://hl7.org/fhir/StructureDefinition/implementationguide-page","valueUri":"QuestionnaireResponse-phq-9-example-1.html"}],"reference":{"reference":"QuestionnaireResponse/phq-9-example-1"},"name":"phq-9-example-1","exampleBoolean":false,"groupingId":"-other"},{"extension":[{"url":"http://hl7.org/fhir/tools/StructureDefinition/resource-sort","valueInteger":999999999},{"url":"http://hl7.org/fhir/StructureDefinition/implementationguide-page","valueUri":"Observation-pregnancy-status-example-1.html"}],"reference":{"reference":"Observation/pregnancy-status-example-1"},"name":"pregnancy-status-example-1","exampleBoolean":false,"groupingId":"-other"},{"extension":[{"url":"http://hl7.org/fhir/tools/StructureDefinition/resource-sort","valueInteger":999999999},{"url":"http://hl7.org/fhir/StructureDefinition/implementationguide-page","valueUri":"Observation-provider-preference-observation-example-2.html"}],"reference":{"reference":"Observation/provider-preference-observation-example-2"},"name":"provider-preference-observation-example-2","exampleBoolean":false,"groupingId":"-other"},{"extension":[{"url":"http://hl7.org/fhir/tools/StructureDefinition/resource-sort","valueInteger":999999999},{"url":"http://hl7.org/fhir/StructureDefinition/implementationguide-page","valueUri":"Observation-respiratory-rate-example-1.html"}],"reference":{"reference":"Observation/respiratory-rate-example-1"},"name":"respiratory-rate-example-1","exampleBoolean":false,"groupingId":"-other"},{"extension":[{"url":"http://hl7.org/fhir/tools/StructureDefinition/resource-sort","valueInteger":999999999},{"url":"http://hl7.org/fhir/StructureDefinition/implementationguide-page","valueUri":"Observation-sexual-orientation-example-1.html"}],"reference":{"reference":"Observation/sexual-orientation-example-1"},"name":"sexual-orientation-example-1","exampleBoolean":false,"groupingId":"-other"},{"extension":[{"url":"http://hl7.org/fhir/tools/StructureDefinition/resource-sort","valueInteger":999999999},{"url":"http://hl7.org/fhir/StructureDefinition/implementationguide-page","valueUri":"Goal-social-connection-example-1.html"}],"reference":{"reference":"Goal/social-connection-example-1"},"name":"social-connection-example-1","exampleBoolean":false,"groupingId":"-other"},{"extension":[{"url":"http://hl7.org/fhir/tools/StructureDefinition/resource-sort","valueInteger":999999999},{"url":"http://hl7.org/fhir/StructureDefinition/implementationguide-page","valueUri":"Condition-substance-abuse-condition-example-1.html"}],"reference":{"reference":"Condition/substance-abuse-condition-example-1"},"name":"substance-abuse-condition-example-1","exampleBoolean":false,"groupingId":"-other"},{"extension":[{"url":"http://hl7.org/fhir/tools/StructureDefinition/resource-sort","valueInteger":999999999},{"url":"http://hl7.org/fhir/StructureDefinition/implementationguide-page","valueUri":"Observation-temperature-example-1.html"}],"reference":{"reference":"Observation/temperature-example-1"},"name":"temperature-example-1","exampleBoolean":false,"groupingId":"-other"},{"extension":[{"url":"http://hl7.org/fhir/tools/StructureDefinition/resource-sort","valueInteger":999999999},{"url":"http://hl7.org/fhir/StructureDefinition/implementationguide-page","valueUri":"Goal-transportation-insecurity-example-1.html"}],"reference":{"reference":"Goal/transportation-insecurity-example-1"},"name":"transportation-insecurity-example-1","exampleBoolean":false,"groupingId":"-other"},{"extension":[{"url":"http://hl7.org/fhir/tools/StructureDefinition/resource-sort","valueInteger":999999999},{"url":"http://hl7.org/fhir/StructureDefinition/implementationguide-page","valueUri":"Observation-usual-work-example-1.html"}],"reference":{"reference":"Observation/usual-work-example-1"},"name":"usual-work-example-1","exampleBoolean":false,"groupingId":"-other"},{"extension":[{"url":"http://hl7.org/fhir/tools/StructureDefinition/resource-sort","valueInteger":999999999},{"url":"http://hl7.org/fhir/StructureDefinition/implementationguide-page","valueUri":"Observation-weight-example-1.html"}],"reference":{"reference":"Observation/weight-example-1"},"name":"weight-example-1","exampleBoolean":false,"groupingId":"-other"}],"page":{"extension":[{"url":"http://hl7.org/fhir/tools/StructureDefinition/ig-page-name","valueUrl":"toc.html"}],"nameUrl":"toc.html","title":"Table of Contents","generation":"html","page":[{"extension":[{"url":"http://hl7.org/fhir/tools/StructureDefinition/ig-page-name","valueUrl":"index.html"}],"nameUrl":"index.html","title":"Home","generation":"markdown"},{"extension":[{"url":"http://hl7.org/fhir/tools/StructureDefinition/ig-page-name","valueUrl":"license.html"}],"nameUrl":"license.html","title":"License","generation":"markdown"},{"extension":[{"url":"http://hl7.org/fhir/tools/StructureDefinition/ig-page-name","valueUrl":"metadata.html"}],"nameUrl":"metadata.html","title":"Metadata","generation":"markdown"},{"extension":[{"url":"http://hl7.org/fhir/tools/StructureDefinition/ig-page-name","valueUrl":"terminology.html"}],"nameUrl":"terminology.html","title":"Terminology Server","generation":"markdown"},{"extension":[{"url":"http://hl7.org/fhir/tools/StructureDefinition/ig-page-name","valueUrl":"artifacts.html"}],"nameUrl":"artifacts.html","title":"Artifacts Summary","generation":"html","page":[{"extension":[{"url":"http://hl7.org/fhir/tools/StructureDefinition/ig-page-name","valueUrl":"StructureDefinition-mental-patient.html"}],"nameUrl":"StructureDefinition-mental-patient.html","title":"Mental Health Patient","generation":"generated"},{"extension":[{"url":"http://hl7.org/fhir/tools/StructureDefinition/ig-page-name","valueUrl":"StructureDefinition-mental-health-referral.html"}],"nameUrl":"StructureDefinition-mental-health-referral.html","title":"Mental Health Referral","generation":"generated"},{"extension":[{"url":"http://hl7.org/fhir/tools/StructureDefinition/ig-page-name","valueUrl":"StructureDefinition-mental-health-condition.html"}],"nameUrl":"StructureDefinition-mental-health-condition.html","title":"Primary Diagnosis Condition with any ICD-11 Mental Health Code","generation":"generated"},{"extension":[{"url":"http://hl7.org/fhir/tools/StructureDefinition/ig-page-name","valueUrl":"StructureDefinition-ethnic-code.html"}],"nameUrl":"StructureDefinition-ethnic-code.html","title":"Ethnic Code","generation":"generated"},{"extension":[{"url":"http://hl7.org/fhir/tools/StructureDefinition/ig-page-name","valueUrl":"StructureDefinition-program-info.html"}],"nameUrl":"StructureDefinition-program-info.html","title":"Grant Program ID and Number","generation":"generated"},{"extension":[{"url":"http://hl7.org/fhir/tools/StructureDefinition/ig-page-name","valueUrl":"ValueSet-bh-funding-types.html"}],"nameUrl":"ValueSet-bh-funding-types.html","title":"Behavioral Health Program Funding Types","generation":"generated"},{"extension":[{"url":"http://hl7.org/fhir/tools/StructureDefinition/ig-page-name","valueUrl":"ValueSet-ethnic-code-vs.html"}],"nameUrl":"ValueSet-ethnic-code-vs.html","title":"Ethnic Code ValueSet","generation":"generated"},{"extension":[{"url":"http://hl7.org/fhir/tools/StructureDefinition/ig-page-name","valueUrl":"ValueSet-mental-health-clinical-note-types.html"}],"nameUrl":"ValueSet-mental-health-clinical-note-types.html","title":"Mental Health Clinical Note Types","generation":"generated"},{"extension":[{"url":"http://hl7.org/fhir/tools/StructureDefinition/ig-page-name","valueUrl":"CodeSystem-bh-funding-type-codes.html"}],"nameUrl":"CodeSystem-bh-funding-type-codes.html","title":"Behavioral Health Program Funding Type Codes","generation":"generated"},{"extension":[{"url":"http://hl7.org/fhir/tools/StructureDefinition/ig-page-name","valueUrl":"CodeSystem-ethnic-code-cs.html"}],"nameUrl":"CodeSystem-ethnic-code-cs.html","title":"Ethnic Code","generation":"generated"},{"extension":[{"url":"http://hl7.org/fhir/tools/StructureDefinition/ig-page-name","valueUrl":"Condition-example-primary-diagnosis.html"}],"nameUrl":"Condition-example-primary-diagnosis.html","title":"Example Primary Mental Health Diagnosis","generation":"generated"},{"extension":[{"url":"http://hl7.org/fhir/tools/StructureDefinition/ig-page-name","valueUrl":"ServiceRequest-ExampleReferralToPsychiatrist.html"}],"nameUrl":"ServiceRequest-ExampleReferralToPsychiatrist.html","title":"Referral to Psychiatrist","generation":"generated"},{"extension":[{"url":"http://hl7.org/fhir/tools/StructureDefinition/ig-page-name","valueUrl":"Patient-ExamplePatient.html"}],"nameUrl":"Patient-ExamplePatient.html","title":"Sample Patient","generation":"generated"},{"extension":[{"url":"http://hl7.org/fhir/tools/StructureDefinition/ig-page-name","valueUrl":"QuestionnaireResponse-ace-example-1.html"}],"nameUrl":"QuestionnaireResponse-ace-example-1.html","title":"ace-example-1","generation":"generated"},{"extension":[{"url":"http://hl7.org/fhir/tools/StructureDefinition/ig-page-name","valueUrl":"RelatedPerson-adult-child-relatedperson-example-1.html"}],"nameUrl":"RelatedPerson-adult-child-relatedperson-example-1.html","title":"adult-child-relatedperson-example-1","generation":"generated"},{"extension":[{"url":"http://hl7.org/fhir/tools/StructureDefinition/ig-page-name","valueUrl":"Procedure-alcohol-prevetion-education-example-1.html"}],"nameUrl":"Procedure-alcohol-prevetion-education-example-1.html","title":"alcohol-prevetion-education-example-1","generation":"generated"},{"extension":[{"url":"http://hl7.org/fhir/tools/StructureDefinition/ig-page-name","valueUrl":"QuestionnaireResponse-alcohol-use-identification-test-1.html"}],"nameUrl":"QuestionnaireResponse-alcohol-use-identification-test-1.html","title":"alcohol-use-identification-test-1","generation":"generated"},{"extension":[{"url":"http://hl7.org/fhir/tools/StructureDefinition/ig-page-name","valueUrl":"Observation-anxiety-assessment-observation-example-1.html"}],"nameUrl":"Observation-anxiety-assessment-observation-example-1.html","title":"anxiety-assessment-observation-example-1","generation":"generated"},{"extension":[{"url":"http://hl7.org/fhir/tools/StructureDefinition/ig-page-name","valueUrl":"MedicationRequest-ativan-discharge-med-example-1.html"}],"nameUrl":"MedicationRequest-ativan-discharge-med-example-1.html","title":"ativan-discharge-med-example-1","generation":"generated"},{"extension":[{"url":"http://hl7.org/fhir/tools/StructureDefinition/ig-page-name","valueUrl":"Observation-average-blood-pressure-example-1.html"}],"nameUrl":"Observation-average-blood-pressure-example-1.html","title":"average-blood-pressure-example-1","generation":"generated"},{"extension":[{"url":"http://hl7.org/fhir/tools/StructureDefinition/ig-page-name","valueUrl":"QuestionnaireResponse-barthel-index-functional-status-example-1.html"}],"nameUrl":"QuestionnaireResponse-barthel-index-functional-status-example-1.html","title":"barthel-index-functional-status-example-1","generation":"generated"},{"extension":[{"url":"http://hl7.org/fhir/tools/StructureDefinition/ig-page-name","valueUrl":"Medication-benzo-medication-example-1.html"}],"nameUrl":"Medication-benzo-medication-example-1.html","title":"benzo-medication-example-1","generation":"generated"},{"extension":[{"url":"http://hl7.org/fhir/tools/StructureDefinition/ig-page-name","valueUrl":"MedicationRequest-benzo-order-example-1.html"}],"nameUrl":"MedicationRequest-benzo-order-example-1.html","title":"benzo-order-example-1","generation":"generated"},{"extension":[{"url":"http://hl7.org/fhir/tools/StructureDefinition/ig-page-name","valueUrl":"Observation-bh-grant-info-observation-example-1.html"}],"nameUrl":"Observation-bh-grant-info-observation-example-1.html","title":"bh-grant-info-observation-example-1","generation":"generated"},{"extension":[{"url":"http://hl7.org/fhir/tools/StructureDefinition/ig-page-name","valueUrl":"Patient-bh-patient-example.html"}],"nameUrl":"Patient-bh-patient-example.html","title":"bh-patient-example","generation":"generated"},{"extension":[{"url":"http://hl7.org/fhir/tools/StructureDefinition/ig-page-name","valueUrl":"Procedure-bh-prevention-education-program-example-1.html"}],"nameUrl":"Procedure-bh-prevention-education-program-example-1.html","title":"bh-prevention-education-program-example-1","generation":"generated"},{"extension":[{"url":"http://hl7.org/fhir/tools/StructureDefinition/ig-page-name","valueUrl":"QuestionnaireResponse-BHP-QuestionnaireResponsePRAPAREExample-1.html"}],"nameUrl":"QuestionnaireResponse-BHP-QuestionnaireResponsePRAPAREExample-1.html","title":"BHP-QuestionnaireResponsePRAPAREExample-1","generation":"generated"},{"extension":[{"url":"http://hl7.org/fhir/tools/StructureDefinition/ig-page-name","valueUrl":"Observation-blood-pressure-example-1.html"}],"nameUrl":"Observation-blood-pressure-example-1.html","title":"blood-pressure-example-1","generation":"generated"},{"extension":[{"url":"http://hl7.org/fhir/tools/StructureDefinition/ig-page-name","valueUrl":"MedicationRequest-bupropion-discharge-med-example-1.html"}],"nameUrl":"MedicationRequest-bupropion-discharge-med-example-1.html","title":"bupropion-discharge-med-example-1","generation":"generated"},{"extension":[{"url":"http://hl7.org/fhir/tools/StructureDefinition/ig-page-name","valueUrl":"MedicationDispense-bupropion-dispense-example-1.html"}],"nameUrl":"MedicationDispense-bupropion-dispense-example-1.html","title":"bupropion-dispense-example-1","generation":"generated"},{"extension":[{"url":"http://hl7.org/fhir/tools/StructureDefinition/ig-page-name","valueUrl":"QuestionnaireResponse-C-SSRS-example-1.html"}],"nameUrl":"QuestionnaireResponse-C-SSRS-example-1.html","title":"C-SSRS-example-1","generation":"generated"},{"extension":[{"url":"http://hl7.org/fhir/tools/StructureDefinition/ig-page-name","valueUrl":"Condition-chest-pain-condition-example-1.html"}],"nameUrl":"Condition-chest-pain-condition-example-1.html","title":"chest-pain-condition-example-1","generation":"generated"},{"extension":[{"url":"http://hl7.org/fhir/tools/StructureDefinition/ig-page-name","valueUrl":"Observation-cognitive-status-observation-example-3.html"}],"nameUrl":"Observation-cognitive-status-observation-example-3.html","title":"cognitive-status-observation-example-3","generation":"generated"},{"extension":[{"url":"http://hl7.org/fhir/tools/StructureDefinition/ig-page-name","valueUrl":"Condition-depression-condition-example-1.html"}],"nameUrl":"Condition-depression-condition-example-1.html","title":"depression-condition-example-1","generation":"generated"},{"extension":[{"url":"http://hl7.org/fhir/tools/StructureDefinition/ig-page-name","valueUrl":"Condition-diabetes-condition-example-1.html"}],"nameUrl":"Condition-diabetes-condition-example-1.html","title":"diabetes-condition-example-1","generation":"generated"},{"extension":[{"url":"http://hl7.org/fhir/tools/StructureDefinition/ig-page-name","valueUrl":"Observation-disability-status-observation-example-1.html"}],"nameUrl":"Observation-disability-status-observation-example-1.html","title":"disability-status-observation-example-1","generation":"generated"},{"extension":[{"url":"http://hl7.org/fhir/tools/StructureDefinition/ig-page-name","valueUrl":"Encounter-discharge-encounter-example-3.html"}],"nameUrl":"Encounter-discharge-encounter-example-3.html","title":"discharge-encounter-example-3","generation":"generated"},{"extension":[{"url":"http://hl7.org/fhir/tools/StructureDefinition/ig-page-name","valueUrl":"Encounter-ed-encounter-example-1.html"}],"nameUrl":"Encounter-ed-encounter-example-1.html","title":"ed-encounter-example-1","generation":"generated"},{"extension":[{"url":"http://hl7.org/fhir/tools/StructureDefinition/ig-page-name","valueUrl":"Practitioner-ed-physician-example-1.html"}],"nameUrl":"Practitioner-ed-physician-example-1.html","title":"ed-physician-example-1","generation":"generated"},{"extension":[{"url":"http://hl7.org/fhir/tools/StructureDefinition/ig-page-name","valueUrl":"DiagnosticReport-ekg-impression-report-example-1.html"}],"nameUrl":"DiagnosticReport-ekg-impression-report-example-1.html","title":"ekg-impression-report-example-1","generation":"generated"},{"extension":[{"url":"http://hl7.org/fhir/tools/StructureDefinition/ig-page-name","valueUrl":"Observation-ekg-observation-example-1.html"}],"nameUrl":"Observation-ekg-observation-example-1.html","title":"ekg-observation-example-1","generation":"generated"},{"extension":[{"url":"http://hl7.org/fhir/tools/StructureDefinition/ig-page-name","valueUrl":"CareTeam-bh-care-team-example-1.html"}],"nameUrl":"CareTeam-bh-care-team-example-1.html","title":"Example CareTeam","generation":"generated"},{"extension":[{"url":"http://hl7.org/fhir/tools/StructureDefinition/ig-page-name","valueUrl":"Parameters-expansion-parameters-bhir.html"}],"nameUrl":"Parameters-expansion-parameters-bhir.html","title":"expansion-parameters-bhir","generation":"generated"},{"extension":[{"url":"http://hl7.org/fhir/tools/StructureDefinition/ig-page-name","valueUrl":"AdverseEvent-fall-adverse-event-example-1.html"}],"nameUrl":"AdverseEvent-fall-adverse-event-example-1.html","title":"fall-adverse-event-example-1","generation":"generated"},{"extension":[{"url":"http://hl7.org/fhir/tools/StructureDefinition/ig-page-name","valueUrl":"Location-ed-location-example-1.html"}],"nameUrl":"Location-ed-location-example-1.html","title":"Florida General Hospital - Emergency Department","generation":"generated"},{"extension":[{"url":"http://hl7.org/fhir/tools/StructureDefinition/ig-page-name","valueUrl":"Location-obs-location-example-1.html"}],"nameUrl":"Location-obs-location-example-1.html","title":"Florida General Hospital - Observation","generation":"generated"},{"extension":[{"url":"http://hl7.org/fhir/tools/StructureDefinition/ig-page-name","valueUrl":"Organization-mh-provider-example-1.html"}],"nameUrl":"Organization-mh-provider-example-1.html","title":"Florida Mental Health Provider Associates","generation":"generated"},{"extension":[{"url":"http://hl7.org/fhir/tools/StructureDefinition/ig-page-name","valueUrl":"Organization-fl-medicaid-example-1.html"}],"nameUrl":"Organization-fl-medicaid-example-1.html","title":"Florida MyACCESS - Medicaid","generation":"generated"},{"extension":[{"url":"http://hl7.org/fhir/tools/StructureDefinition/ig-page-name","valueUrl":"Immunization-flu-vaccine-example-1.html"}],"nameUrl":"Immunization-flu-vaccine-example-1.html","title":"flu-vaccine-example-1","generation":"generated"},{"extension":[{"url":"http://hl7.org/fhir/tools/StructureDefinition/ig-page-name","valueUrl":"Goal-food-insecurity-example-1.html"}],"nameUrl":"Goal-food-insecurity-example-1.html","title":"food-insecurity-example-1","generation":"generated"},{"extension":[{"url":"http://hl7.org/fhir/tools/StructureDefinition/ig-page-name","valueUrl":"Condition-grief-condition-example-1.html"}],"nameUrl":"Condition-grief-condition-example-1.html","title":"grief-condition-example-1","generation":"generated"},{"extension":[{"url":"http://hl7.org/fhir/tools/StructureDefinition/ig-page-name","valueUrl":"QuestionnaireResponse-hark-example-1.html"}],"nameUrl":"QuestionnaireResponse-hark-example-1.html","title":"hark-example-1","generation":"generated"},{"extension":[{"url":"http://hl7.org/fhir/tools/StructureDefinition/ig-page-name","valueUrl":"Procedure-harm-reduction-example-1.html"}],"nameUrl":"Procedure-harm-reduction-example-1.html","title":"harm-reduction-example-1","generation":"generated"},{"extension":[{"url":"http://hl7.org/fhir/tools/StructureDefinition/ig-page-name","valueUrl":"Observation-heart-rate-example-1.html"}],"nameUrl":"Observation-heart-rate-example-1.html","title":"heart-rate-example-1","generation":"generated"},{"extension":[{"url":"http://hl7.org/fhir/tools/StructureDefinition/ig-page-name","valueUrl":"Observation-height-example-1.html"}],"nameUrl":"Observation-height-example-1.html","title":"height-example-1","generation":"generated"},{"extension":[{"url":"http://hl7.org/fhir/tools/StructureDefinition/ig-page-name","valueUrl":"Observation-hemoglobin-a1c-example-1.html"}],"nameUrl":"Observation-hemoglobin-a1c-example-1.html","title":"hemoglobin-a1c-example-1","generation":"generated"},{"extension":[{"url":"http://hl7.org/fhir/tools/StructureDefinition/ig-page-name","valueUrl":"Goal-housing-insecurity-example-1.html"}],"nameUrl":"Goal-housing-insecurity-example-1.html","title":"housing-insecurity-example-1","generation":"generated"},{"extension":[{"url":"http://hl7.org/fhir/tools/StructureDefinition/ig-page-name","valueUrl":"Coverage-medicaid-coverage-example-1.html"}],"nameUrl":"Coverage-medicaid-coverage-example-1.html","title":"medicaid-coverage-example-1","generation":"generated"},{"extension":[{"url":"http://hl7.org/fhir/tools/StructureDefinition/ig-page-name","valueUrl":"DocumentReference-mental-health-consult-note-example-1.html"}],"nameUrl":"DocumentReference-mental-health-consult-note-example-1.html","title":"mental-health-consult-note-example-1","generation":"generated"},{"extension":[{"url":"http://hl7.org/fhir/tools/StructureDefinition/ig-page-name","valueUrl":"DocumentReference-mental-health-discharge-summary-example-1.html"}],"nameUrl":"DocumentReference-mental-health-discharge-summary-example-1.html","title":"mental-health-discharge-summary-example-1","generation":"generated"},{"extension":[{"url":"http://hl7.org/fhir/tools/StructureDefinition/ig-page-name","valueUrl":"DocumentReference-mental-health-hx-physical-example-1.html"}],"nameUrl":"DocumentReference-mental-health-hx-physical-example-1.html","title":"mental-health-hx-physical-example-1","generation":"generated"},{"extension":[{"url":"http://hl7.org/fhir/tools/StructureDefinition/ig-page-name","valueUrl":"DocumentReference-mental-health-procedure-example-1.html"}],"nameUrl":"DocumentReference-mental-health-procedure-example-1.html","title":"mental-health-procedure-example-1","generation":"generated"},{"extension":[{"url":"http://hl7.org/fhir/tools/StructureDefinition/ig-page-name","valueUrl":"DocumentReference-mental-health-progress-example-1.html"}],"nameUrl":"DocumentReference-mental-health-progress-example-1.html","title":"mental-health-progress-example-1","generation":"generated"},{"extension":[{"url":"http://hl7.org/fhir/tools/StructureDefinition/ig-page-name","valueUrl":"Practitioner-mental-health-provider-example-1.html"}],"nameUrl":"Practitioner-mental-health-provider-example-1.html","title":"mental-health-provider-example-1","generation":"generated"},{"extension":[{"url":"http://hl7.org/fhir/tools/StructureDefinition/ig-page-name","valueUrl":"MedicationRequest-metformin-discharge-med-example-1.html"}],"nameUrl":"MedicationRequest-metformin-discharge-med-example-1.html","title":"metformin-discharge-med-example-1","generation":"generated"},{"extension":[{"url":"http://hl7.org/fhir/tools/StructureDefinition/ig-page-name","valueUrl":"Observation-no-morphine-preference-observation-example-1.html"}],"nameUrl":"Observation-no-morphine-preference-observation-example-1.html","title":"no-morphine-preference-observation-example-1","generation":"generated"},{"extension":[{"url":"http://hl7.org/fhir/tools/StructureDefinition/ig-page-name","valueUrl":"Observation-non-smoker-example-1.html"}],"nameUrl":"Observation-non-smoker-example-1.html","title":"non-smoker-example-1","generation":"generated"},{"extension":[{"url":"http://hl7.org/fhir/tools/StructureDefinition/ig-page-name","valueUrl":"Encounter-obs-encounter-example-2.html"}],"nameUrl":"Encounter-obs-encounter-example-2.html","title":"obs-encounter-example-2","generation":"generated"},{"extension":[{"url":"http://hl7.org/fhir/tools/StructureDefinition/ig-page-name","valueUrl":"Observation-oxygen-saturation-example-1.html"}],"nameUrl":"Observation-oxygen-saturation-example-1.html","title":"oxygen-saturation-example-1","generation":"generated"},{"extension":[{"url":"http://hl7.org/fhir/tools/StructureDefinition/ig-page-name","valueUrl":"Condition-panic-attack-condition-example-1.html"}],"nameUrl":"Condition-panic-attack-condition-example-1.html","title":"panic-attack-condition-example-1","generation":"generated"},{"extension":[{"url":"http://hl7.org/fhir/tools/StructureDefinition/ig-page-name","valueUrl":"MedicationRequest-paroxetine-discharge-med-example-1.html"}],"nameUrl":"MedicationRequest-paroxetine-discharge-med-example-1.html","title":"paroxetine-discharge-med-example-1","generation":"generated"},{"extension":[{"url":"http://hl7.org/fhir/tools/StructureDefinition/ig-page-name","valueUrl":"Encounter-pcp-encounter-example-4.html"}],"nameUrl":"Encounter-pcp-encounter-example-4.html","title":"pcp-encounter-example-4","generation":"generated"},{"extension":[{"url":"http://hl7.org/fhir/tools/StructureDefinition/ig-page-name","valueUrl":"Practitioner-pcp-provider-example-1.html"}],"nameUrl":"Practitioner-pcp-provider-example-1.html","title":"pcp-provider-example-1","generation":"generated"},{"extension":[{"url":"http://hl7.org/fhir/tools/StructureDefinition/ig-page-name","valueUrl":"AllergyIntolerance-peanut-allergy-example-1.html"}],"nameUrl":"AllergyIntolerance-peanut-allergy-example-1.html","title":"peanut-allergy-example-1","generation":"generated"},{"extension":[{"url":"http://hl7.org/fhir/tools/StructureDefinition/ig-page-name","valueUrl":"AllergyIntolerance-penicillin-allergy-example-1.html"}],"nameUrl":"AllergyIntolerance-penicillin-allergy-example-1.html","title":"penicillin-allergy-example-1","generation":"generated"},{"extension":[{"url":"http://hl7.org/fhir/tools/StructureDefinition/ig-page-name","valueUrl":"QuestionnaireResponse-phq-9-example-1.html"}],"nameUrl":"QuestionnaireResponse-phq-9-example-1.html","title":"phq-9-example-1","generation":"generated"},{"extension":[{"url":"http://hl7.org/fhir/tools/StructureDefinition/ig-page-name","valueUrl":"Observation-pregnancy-status-example-1.html"}],"nameUrl":"Observation-pregnancy-status-example-1.html","title":"pregnancy-status-example-1","generation":"generated"},{"extension":[{"url":"http://hl7.org/fhir/tools/StructureDefinition/ig-page-name","valueUrl":"Observation-provider-preference-observation-example-2.html"}],"nameUrl":"Observation-provider-preference-observation-example-2.html","title":"provider-preference-observation-example-2","generation":"generated"},{"extension":[{"url":"http://hl7.org/fhir/tools/StructureDefinition/ig-page-name","valueUrl":"Observation-respiratory-rate-example-1.html"}],"nameUrl":"Observation-respiratory-rate-example-1.html","title":"respiratory-rate-example-1","generation":"generated"},{"extension":[{"url":"http://hl7.org/fhir/tools/StructureDefinition/ig-page-name","valueUrl":"Consent-SDOHCC-ConsentInformationDisclosure-example-1.html"}],"nameUrl":"Consent-SDOHCC-ConsentInformationDisclosure-example-1.html","title":"SDOHCC-ConsentInformationDisclosure-example-1","generation":"generated"},{"extension":[{"url":"http://hl7.org/fhir/tools/StructureDefinition/ig-page-name","valueUrl":"ServiceRequest-ServiceRequest-peer-mentoring-example-1.html"}],"nameUrl":"ServiceRequest-ServiceRequest-peer-mentoring-example-1.html","title":"ServiceRequest-peer-mentoring-example-1","generation":"generated"},{"extension":[{"url":"http://hl7.org/fhir/tools/StructureDefinition/ig-page-name","valueUrl":"Observation-sexual-orientation-example-1.html"}],"nameUrl":"Observation-sexual-orientation-example-1.html","title":"sexual-orientation-example-1","generation":"generated"},{"extension":[{"url":"http://hl7.org/fhir/tools/StructureDefinition/ig-page-name","valueUrl":"Goal-social-connection-example-1.html"}],"nameUrl":"Goal-social-connection-example-1.html","title":"social-connection-example-1","generation":"generated"},{"extension":[{"url":"http://hl7.org/fhir/tools/StructureDefinition/ig-page-name","valueUrl":"Condition-substance-abuse-condition-example-1.html"}],"nameUrl":"Condition-substance-abuse-condition-example-1.html","title":"substance-abuse-condition-example-1","generation":"generated"},{"extension":[{"url":"http://hl7.org/fhir/tools/StructureDefinition/ig-page-name","valueUrl":"Observation-temperature-example-1.html"}],"nameUrl":"Observation-temperature-example-1.html","title":"temperature-example-1","generation":"generated"},{"extension":[{"url":"http://hl7.org/fhir/tools/StructureDefinition/ig-page-name","valueUrl":"Goal-transportation-insecurity-example-1.html"}],"nameUrl":"Goal-transportation-insecurity-example-1.html","title":"transportation-insecurity-example-1","generation":"generated"},{"extension":[{"url":"http://hl7.org/fhir/tools/StructureDefinition/ig-page-name","valueUrl":"Observation-usual-work-example-1.html"}],"nameUrl":"Observation-usual-work-example-1.html","title":"usual-work-example-1","generation":"generated"},{"extension":[{"url":"http://hl7.org/fhir/tools/StructureDefinition/ig-page-name","valueUrl":"Observation-weight-example-1.html"}],"nameUrl":"Observation-weight-example-1.html","title":"weight-example-1","generation":"generated"}]}]},"parameter":[{"code":"path-resource","value":"input/capabilities"},{"code":"path-resource","value":"input/examples"},{"code":"path-resource","value":"input/extensions"},{"code":"path-resource","value":"input/models"},{"code":"path-resource","value":"input/operations"},{"code":"path-resource","value":"input/profiles"},{"code":"path-resource","value":"input/resources"},{"code":"path-resource","value":"input/vocabulary"},{"code":"path-resource","value":"input/maps"},{"code":"path-resource","value":"input/testing"},{"code":"path-resource","value":"input/history"},{"code":"path-resource","value":"fsh-generated/resources"},{"code":"path-pages","value":"template/config"},{"code":"path-pages","value":"input/images"},{"code":"path-tx-cache","value":"input-cache/txcache"}]}}