{"resourceType":"ValueSet","id":"ethnic-code-vs","text":{"status":"generated","div":"<div xmlns=\"http://www.w3.org/1999/xhtml\"><p class=\"res-header-id\"><b>Generated Narrative: ValueSet ethnic-code-vs</b></p><a name=\"ethnic-code-vs\"> </a><a name=\"hcethnic-code-vs\"> </a><a name=\"ethnic-code-vs-en-US\"> </a><ul><li>Include all codes defined in <a href=\"CodeSystem-ethnic-code-cs.html\"><code>https://fhir.health.np/mentalhealth/CodeSystem/ethnic-code-cs</code></a></li></ul></div>"},"url":"https://fhir.health.np/mentalhealth/ValueSet/ethnic-code-vs","version":"1.0.1","name":"EthnicCodeVS","title":"Ethnic Code ValueSet","status":"active","date":"2025-05-20T11:38:44+05:45","publisher":"https://rcp.com.np","contact":[{"name":"https://rcp.com.np","telecom":[{"system":"url","value":"https://rcp.com.np"},{"system":"email","value":"rmchndrapdl@gmail.com"}]},{"name":"RC Poudel","telecom":[{"system":"email","value":"rmchndrapdl@gmail.com","use":"work"}]}],"description":"ValueSet for जाति कोड (Ethnic Codes in Nepal)","jurisdiction":[{"coding":[{"system":"urn:iso:std:iso:3166","code":"NP","display":"Nepal"}]}],"copyright":"Used by permission of HL7 International, all rights reserved Creative Commons License","compose":{"include":[{"system":"https://fhir.health.np/mentalhealth/CodeSystem/ethnic-code-cs"}]}}