{
  "resourceType" : "Observation",
  "id" : "ExampleMentalHealthObservationTreatmentFollowupStatus",
  "text" : {
    "status" : "generated",
    "div" : "<div xmlns=\"http://www.w3.org/1999/xhtml\"><p class=\"res-header-id\"><b>Generated Narrative: Observation ExampleMentalHealthObservationTreatmentFollowupStatus</b></p><a name=\"ExampleMentalHealthObservationTreatmentFollowupStatus\"> </a><a name=\"hcExampleMentalHealthObservationTreatmentFollowupStatus\"> </a><a name=\"ExampleMentalHealthObservationTreatmentFollowupStatus-en-US\"> </a><p><b>status</b>: Final</p><p><b>category</b>: <span title=\"Codes:{http://terminology.hl7.org/CodeSystem/observation-category social-history}\">Social History</span></p><p><b>code</b>: <span title=\"Codes:\">Treatment Compliance</span></p><p><b>subject</b>: <a href=\"Patient/123\">Patient/123</a></p><p><b>effective</b>: 2025-05-19</p><p><b>value</b>: <span title=\"Codes:\">Regular</span></p><p><b>note</b>: Patient reports taking medication regularly.</p></div>"
  },
  "status" : "final",
  "category" : [{
    "coding" : [{
      "system" : "http://terminology.hl7.org/CodeSystem/observation-category",
      "code" : "social-history"
    }]
  }],
  "code" : {
    "text" : "Treatment Compliance"
  },
  "subject" : {
    "reference" : "Patient/123"
  },
  "effectiveDateTime" : "2025-05-19",
  "valueCodeableConcept" : {
    "text" : "Regular"
  },
  "note" : [{
    "text" : "Patient reports taking medication regularly."
  }]
}