[
  {
    "id" : "improvement-status",
    "type" : "CodeSystem",
    "url" : "http://example.org/fhir/CodeSystem/improvement-status",
    "version" : "1.0.1",
    "name" : "ImprovementStatus"
  },
  {
    "id" : "improvement-status-vs",
    "type" : "ValueSet",
    "url" : "http://example.org/fhir/ValueSet/improvement-status",
    "version" : "1.0.1",
    "name" : "ImprovementStatusVS"
  },
  {
    "id" : "ethnic-code-cs",
    "type" : "CodeSystem",
    "url" : "https://fhir.health.np/mentalhealth/CodeSystem/ethnic-code-cs",
    "version" : "1.0.1",
    "name" : "EthnicCodeCS"
  },
  {
    "id" : "mentalhealth.fhir.ig",
    "type" : "ImplementationGuide",
    "url" : "https://fhir.health.np/mentalhealth/ImplementationGuide/mentalhealth.fhir.ig",
    "version" : "1.0.1",
    "name" : "FHIRMentalHealthIG"
  },
  {
    "id" : "MentalHealthImprovementStatus",
    "type" : "StructureDefinition",
    "url" : "https://fhir.health.np/mentalhealth/StructureDefinition/MentalHealthImprovementStatus",
    "version" : "1.0.1",
    "name" : "MentalHealthImprovementStatus"
  },
  {
    "id" : "MentalHealthReferralRequest",
    "type" : "StructureDefinition",
    "url" : "https://fhir.health.np/mentalhealth/StructureDefinition/MentalHealthReferralRequest",
    "version" : "1.0.1",
    "name" : "MentalHealthReferralRequest"
  },
  {
    "id" : "MentalHealthTreatmentFollowupStatus",
    "type" : "StructureDefinition",
    "url" : "https://fhir.health.np/mentalhealth/StructureDefinition/MentalHealthTreatmentFollowupStatus",
    "version" : "1.0.1",
    "name" : "MentalHealthTreatmentFollowupStatus"
  },
  {
    "id" : "ethnic-code",
    "type" : "StructureDefinition",
    "url" : "https://fhir.health.np/mentalhealth/StructureDefinition/ethnic-code",
    "version" : "1.0.1",
    "name" : "EthnicCode"
  },
  {
    "id" : "mental-health-condition",
    "type" : "StructureDefinition",
    "url" : "https://fhir.health.np/mentalhealth/StructureDefinition/mental-health-condition",
    "version" : "1.0.1",
    "name" : "PrimaryDiagnosisCondition"
  },
  {
    "id" : "mental-patient",
    "type" : "StructureDefinition",
    "url" : "https://fhir.health.np/mentalhealth/StructureDefinition/mental-patient",
    "version" : "1.0.1",
    "name" : "MentalPatient"
  },
  {
    "id" : "ethnic-code-vs",
    "type" : "ValueSet",
    "url" : "https://fhir.health.np/mentalhealth/ValueSet/ethnic-code-vs",
    "version" : "1.0.1",
    "name" : "EthnicCodeVS"
  }
]
