{
  "codeSystems" : [
    {
      "url" : "http://example.org/fhir/CodeSystem/improvement-status",
      "version" : "1.0.1",
      "status" : "active",
      "name" : "ImprovementStatus",
      "title" : "Mental Health Improvement Status",
      "description" : "Codes representing the subjective improvement status of the patient."
    },
    {
      "url" : "https://fhir.health.np/mentalhealth/CodeSystem/ethnic-code-cs",
      "version" : "1.0.1",
      "status" : "active",
      "name" : "EthnicCodeCS",
      "title" : "Ethnic Code",
      "description" : "जाति कोडहरू: दलित, जनजाती, मधेसी, मुस्लिम, ब्राह्मण/क्षेत्री, अन्य"
    }
  ]
}
