{
  "resourceType" : "ServiceRequest",
  "id" : "ExampleMentalHealthServiceRequest",
  "text" : {
    "status" : "generated",
    "div" : "<div xmlns=\"http://www.w3.org/1999/xhtml\"><p class=\"res-header-id\"><b>Generated Narrative: ServiceRequest ExampleMentalHealthServiceRequest</b></p><a name=\"ExampleMentalHealthServiceRequest\"> </a><a name=\"hcExampleMentalHealthServiceRequest\"> </a><a name=\"ExampleMentalHealthServiceRequest-en-US\"> </a><p><b>status</b>: Active</p><p><b>intent</b>: Order</p><p><b>category</b>: <span title=\"Codes:{http://terminology.hl7.org/CodeSystem/servicerequest-category referral}\">Referral</span></p><p><b>code</b>: <span title=\"Codes:{http://snomed.info/sct 306206005}\">Referral to psychiatrist</span></p><p><b>subject</b>: <a href=\"Patient/123\">Patient/123</a></p><p><b>requester</b>: <a href=\"Practitioner/456\">Practitioner/456</a></p><p><b>reasonCode</b>: <span title=\"Codes:{http://snomed.info/sct 271327008}\">Depressive disorder</span></p></div>"
  },
  "status" : "active",
  "intent" : "order",
  "category" : [{
    "coding" : [{
      "system" : "http://terminology.hl7.org/CodeSystem/servicerequest-category",
      "code" : "referral",
      "display" : "Referral"
    }]
  }],
  "code" : {
    "coding" : [{
      "system" : "http://snomed.info/sct",
      "code" : "306206005",
      "display" : "Referral to psychiatrist"
    }]
  },
  "subject" : {
    "reference" : "Patient/123"
  },
  "requester" : {
    "reference" : "Practitioner/456"
  },
  "reasonCode" : [{
    "coding" : [{
      "system" : "http://snomed.info/sct",
      "code" : "271327008",
      "display" : "Depressive disorder"
    }]
  }]
}