<?xml version="1.0" encoding="UTF-8"?>

<ValueSet xmlns="http://hl7.org/fhir">
  <id value="improvement-status-vs"/>
  <text>
    <status value="generated"/><div xmlns="http://www.w3.org/1999/xhtml"><p class="res-header-id"><b>Generated Narrative: ValueSet improvement-status-vs</b></p><a name="improvement-status-vs"> </a><a name="hcimprovement-status-vs"> </a><a name="improvement-status-vs-en-US"> </a><ul><li>Include all codes defined in <a href="CodeSystem-improvement-status.html"><code>http://example.org/fhir/CodeSystem/improvement-status</code></a></li></ul></div>
  </text>
  <url value="http://example.org/fhir/ValueSet/improvement-status"/>
  <version value="1.0.1"/>
  <name value="ImprovementStatusVS"/>
  <title value="Improvement Status ValueSet"/>
  <status value="active"/>
  <date value="2025-05-20T08:23:51+05:45"/>
  <publisher value="https://rcp.com.np"/>
  <contact>
    <name value="https://rcp.com.np"/>
    <telecom>
      <system value="url"/>
      <value value="https://rcp.com.np"/>
    </telecom>
    <telecom>
      <system value="email"/>
      <value value="rmchndrapdl@gmail.com"/>
    </telecom>
  </contact>
  <contact>
    <name value="RC Poudel"/>
    <telecom>
      <system value="email"/>
      <value value="rmchndrapdl@gmail.com"/>
      <use value="work"/>
    </telecom>
  </contact>
  <description value="Allowed values for improvement status."/>
  <jurisdiction>
    <coding>
      <system value="urn:iso:std:iso:3166"/>
      <code value="NP"/>
      <display value="Nepal"/>
    </coding>
  </jurisdiction>
  <copyright value="Used by permission of HL7 International, all rights reserved Creative Commons License"/>
  <compose>
    <include>
      <system value="http://example.org/fhir/CodeSystem/improvement-status"/>
    </include>
  </compose>
</ValueSet>