{
  "codeSystems" : [
    {
      "url" : "http://example.org/fhir/ValueSet/improvement-status",
      "version" : "1.0.1",
      "status" : "active",
      "name" : "ImprovementStatusVS",
      "title" : "Improvement Status ValueSet",
      "description" : "Allowed values for improvement status.",
      "systems" : ["http://example.org/fhir/CodeSystem/improvement-status"]
    },
    {
      "url" : "https://fhir.health.np/mentalhealth/ValueSet/ethnic-code-vs",
      "version" : "1.0.1",
      "status" : "active",
      "name" : "EthnicCodeVS",
      "title" : "Ethnic Code ValueSet",
      "description" : "ValueSet for जाति कोड (Ethnic Codes in Nepal)",
      "systems" : [
        "https://fhir.health.np/mentalhealth/CodeSystem/ethnic-code-cs"
      ]
    }
  ]
}
